,date,team,rating
0,2021-04-01,TOR,1520.45351761819
1,2021-04-03,TOR,1519.4863811246898
2,2021-04-04,TOR,1521.06054867708
3,2021-04-05,TOR,1522.8409642206302
4,2021-04-06,TOR,1521.1341193023002
5,2021-04-07,TOR,1519.81254090183
6,2021-04-08,TOR,1518.39710370137
7,2021-04-09,TOR,1515.6412783426802
8,2021-04-10,TOR,1519.40033576037
9,2021-04-12,TOR,1518.4016709222599
10,2021-04-13,TOR,1520.27045539271
11,2021-04-14,TOR,1521.32296659067
12,2021-04-15,TOR,1519.85413379802
13,2021-04-17,TOR,1521.7428156665399
14,2021-04-17,TOR,1520.6290915345999
15,2021-04-18,TOR,1519.2375048463598
16,2021-04-20,TOR,1517.95206496306
17,2021-04-21,TOR,1519.64812129328
18,2021-04-23,TOR,1521.3689457284
19,2021-04-24,TOR,1520.0772400302499
20,2021-04-25,TOR,1521.07442201757
21,2021-04-27,TOR,1523.0865801344198
22,2021-04-28,TOR,1520.1315763910502
23,2021-04-30,TOR,1522.62455995292
24,2021-05-01,TOR,1523.67063547263
25,2021-05-02,TOR,1525.9310606280899
26,2021-05-03,TOR,1524.95600994456
27,2021-05-04,TOR,1523.39191874786
28,2021-05-05,TOR,1525.86401331999
29,2021-05-06,TOR,1528.07369693107
30,2021-05-07,TOR,1526.1116525876598
31,2021-05-08,TOR,1528.55376208937
32,2021-05-09,TOR,1527.2837699406698
33,2021-05-11,TOR,1528.6069502994199
34,2021-05-12,TOR,1530.14609208702
35,2021-05-13,TOR,1532.35299611313
36,2021-05-14,TOR,1530.02909883133
37,2021-05-15,TOR,1531.8835575257099
38,2021-05-16,TOR,1532.8914041803303
39,2021-05-18,TOR,1535.14048457286
40,2021-05-19,TOR,1532.91342805922
41,2021-05-20,TOR,1531.7398402245499
42,2021-05-21,TOR,1530.46398129867
43,2021-05-22,TOR,1528.98559562492
44,2021-05-23,TOR,1527.3288594728601
45,2021-05-24,TOR,1524.8021028590601
46,2021-05-25,TOR,1527.26000120773
47,2021-05-27,TOR,1527.71723064422
48,2021-05-27,TOR,1528.8483160842402
49,2021-05-28,TOR,1530.29182223894
50,2021-05-30,TOR,1531.03658280475
51,2021-05-30,TOR,1532.13381773849
52,2021-06-01,TOR,1532.50564772646
53,2021-06-02,TOR,1533.27350401332
54,2021-06-04,TOR,1528.93878024465
55,2021-06-05,TOR,1531.02920732914
56,2021-06-06,TOR,1529.4407626806799
57,2021-06-08,TOR,1527.4798626188501
58,2021-06-09,TOR,1529.90469440682
59,2021-06-10,TOR,1528.14466935862
60,2021-06-11,TOR,1527.2265972110401
61,2021-06-12,TOR,1529.6003510150301
62,2021-06-13,TOR,1533.7459200693
63,2021-06-14,TOR,1532.79739362237
64,2021-06-15,TOR,1531.63036342515
65,2021-06-16,TOR,1530.79544491919
66,2021-06-17,TOR,1528.5712261289402
67,2021-06-18,TOR,1525.22316013923
68,2021-06-19,TOR,1526.43480170998
69,2021-06-20,TOR,1527.35487733693
70,2021-06-22,TOR,1528.42388959966
71,2021-06-23,TOR,1529.73765861979
72,2021-06-24,TOR,1531.60634635579
73,2021-06-25,TOR,1529.99377850042
74,2021-06-26,TOR,1531.3735963006302
75,2021-06-27,TOR,1532.2858242483098
76,2021-06-29,TOR,1533.8480218610198
77,2021-06-30,TOR,1532.0879487962698
78,2021-07-01,TOR,1529.22487643126
79,2021-07-02,TOR,1532.2922665342599
80,2021-07-03,TOR,1533.8818235789402
81,2021-07-04,TOR,1531.7567163663098
82,2021-07-06,TOR,1530.1124902220001
83,2021-07-07,TOR,1531.89273101862
84,2021-07-09,TOR,1529.6828440942002
85,2021-07-10,TOR,1528.27788414931
86,2021-07-11,TOR,1529.90954609298
0,2021-04-01,NYY,1570.97524371728
1,2021-04-03,NYY,1571.9423802107801
2,2021-04-04,NYY,1570.36821265839
3,2021-04-05,NYY,1571.5408363814402
4,2021-04-06,NYY,1572.35923047519
5,2021-04-07,NYY,1570.89037828395
6,2021-04-09,NYY,1568.64845463231
7,2021-04-10,NYY,1566.69284407505
8,2021-04-11,NYY,1568.50156803581
9,2021-04-12,NYY,1569.50023287392
10,2021-04-13,NYY,1567.63144840347
11,2021-04-14,NYY,1566.5789372055099
12,2021-04-16,NYY,1563.5688327846801
13,2021-04-17,NYY,1561.7272842989098
14,2021-04-18,NYY,1559.74265530674
15,2021-04-20,NYY,1560.9198649836599
16,2021-04-21,NYY,1559.0440221892902
17,2021-04-22,NYY,1560.74067608426
18,2021-04-23,NYY,1561.80018137699
19,2021-04-24,NYY,1562.70484671501
20,2021-04-25,NYY,1560.51897988508
21,2021-04-26,NYY,1558.76386991806
22,2021-04-27,NYY,1560.08385254945
23,2021-04-28,NYY,1562.1339773438099
24,2021-04-29,NYY,1560.6863514647
25,2021-04-30,NYY,1561.7508159992499
26,2021-05-01,NYY,1562.49462209568
27,2021-05-02,NYY,1563.1982541732
28,2021-05-04,NYY,1565.0552565842802
29,2021-05-05,NYY,1566.47378269904
30,2021-05-06,NYY,1564.26360638857
31,2021-05-07,NYY,1560.75501090399
32,2021-05-08,NYY,1561.6714043775303
33,2021-05-09,NYY,1562.4695399216598
34,2021-05-11,NYY,1563.8011844932598
35,2021-05-12,NYY,1564.63021904361
36,2021-05-13,NYY,1561.7386417116597
37,2021-05-14,NYY,1562.44575869073
38,2021-05-15,NYY,1564.1028322421698
39,2021-05-16,NYY,1561.47316708318
40,2021-05-17,NYY,1558.98594967578
41,2021-05-18,NYY,1560.24038681305
42,2021-05-19,NYY,1561.16754114915
43,2021-05-20,NYY,1562.2118403341299
44,2021-05-21,NYY,1563.0945564098402
45,2021-05-22,NYY,1564.66409233501
46,2021-05-23,NYY,1565.4994399684601
47,2021-05-25,NYY,1563.04154161979
48,2021-05-27,NYY,1562.5843121833
49,2021-05-27,NYY,1561.45322674328
50,2021-05-28,NYY,1561.0422120974201
51,2021-05-29,NYY,1558.5793401045
52,2021-05-30,NYY,1556.28794605386
53,2021-05-31,NYY,1554.94737072276
54,2021-06-01,NYY,1556.3256348053199
55,2021-06-02,NYY,1557.25102580917
56,2021-06-03,NYY,1553.6779455720002
57,2021-06-04,NYY,1551.98529802674
58,2021-06-05,NYY,1549.7689997632099
59,2021-06-06,NYY,1548.57470662404
60,2021-06-08,NYY,1550.48586365434
61,2021-06-09,NYY,1551.65754261704
62,2021-06-10,NYY,1550.4561715905402
63,2021-06-12,NYY,1549.3020567668
64,2021-06-13,NYY,1546.5752627817199
65,2021-06-15,NYY,1547.7422929789402
66,2021-06-16,NYY,1548.5772114848999
67,2021-06-17,NYY,1550.80143027515
68,2021-06-18,NYY,1549.29281005421
69,2021-06-19,NYY,1550.5716629917401
70,2021-06-20,NYY,1551.47492926923
71,2021-06-22,NYY,1549.86107961268
72,2021-06-23,NYY,1550.7207531690601
73,2021-06-24,NYY,1552.46271129924
74,2021-06-25,NYY,1551.14214489585
75,2021-06-26,NYY,1549.88137757409
76,2021-06-27,NYY,1546.76052272405
77,2021-06-28,NYY,1545.20998440841
78,2021-06-29,NYY,1547.1963447647
79,2021-06-30,NYY,1545.31865324978
80,2021-07-03,NYY,1542.8179587363
81,2021-07-04,NYY,1541.2628589319
82,2021-07-04,NYY,1539.98847371797
83,2021-07-06,NYY,1544.42334254233
84,2021-07-07,NYY,1545.5520414820999
85,2021-07-08,NYY,1543.3652186470301
86,2021-07-09,NYY,1546.0068636425501
87,2021-07-10,NYY,1547.09613373708
88,2021-07-11,NYY,1546.23222392272
0,2021-04-02,BOS,1502.37658479517
1,2021-04-03,BOS,1500.53747142984
2,2021-04-04,BOS,1496.72559217094
3,2021-04-05,BOS,1499.88140809833
4,2021-04-06,BOS,1501.0552935807098
5,2021-04-07,BOS,1503.83328106132
6,2021-04-08,BOS,1505.21065927065
7,2021-04-10,BOS,1506.40714107664
8,2021-04-11,BOS,1508.2006214603198
9,2021-04-13,BOS,1509.83939504357
10,2021-04-14,BOS,1511.0898669477401
11,2021-04-14,BOS,1513.81645053076
12,2021-04-15,BOS,1513.02518234947
13,2021-04-17,BOS,1514.4198156218802
14,2021-04-18,BOS,1513.26806210356
15,2021-04-18,BOS,1511.1095953952301
16,2021-04-19,BOS,1513.86213847766
17,2021-04-20,BOS,1515.14757836096
18,2021-04-21,BOS,1513.45152203074
19,2021-04-22,BOS,1511.23203173885
20,2021-04-23,BOS,1512.09484286269
21,2021-04-24,BOS,1508.7971066599898
22,2021-04-25,BOS,1509.6714381715499
23,2021-04-27,BOS,1510.8583560280802
24,2021-04-28,BOS,1512.3181158877899
25,2021-04-29,BOS,1510.75058427971
26,2021-04-30,BOS,1512.63423639999
27,2021-05-01,BOS,1511.0271739046
28,2021-05-02,BOS,1509.7240908440199
29,2021-05-04,BOS,1510.9662268874401
30,2021-05-05,BOS,1509.5919956701098
31,2021-05-06,BOS,1510.69135477194
32,2021-05-07,BOS,1512.1136940171
33,2021-05-08,BOS,1513.9900582304401
34,2021-05-09,BOS,1514.86766468479
35,2021-05-10,BOS,1512.9059462917
36,2021-05-11,BOS,1511.86790707255
37,2021-05-12,BOS,1509.9414576975198
38,2021-05-13,BOS,1512.66631173254
39,2021-05-14,BOS,1513.58872975311
40,2021-05-15,BOS,1516.572887179
41,2021-05-16,BOS,1515.3041077067498
42,2021-05-18,BOS,1513.05502731422
43,2021-05-19,BOS,1515.28208382786
44,2021-05-20,BOS,1516.4556716625302
45,2021-05-21,BOS,1519.91414075405
46,2021-05-22,BOS,1520.8530716688501
47,2021-05-23,BOS,1519.06149631936
48,2021-05-25,BOS,1517.7463052758999
49,2021-05-26,BOS,1519.44091798375
50,2021-05-28,BOS,1520.7056119659803
51,2021-05-29,BOS,1521.7598457774698
52,2021-05-31,BOS,1519.1722499286402
53,2021-06-01,BOS,1517.662019938
54,2021-06-02,BOS,1516.84100695482
55,2021-06-03,BOS,1519.23989632482
56,2021-06-04,BOS,1520.93254387008
57,2021-06-05,BOS,1523.1488421336098
58,2021-06-06,BOS,1524.34313527278
59,2021-06-07,BOS,1525.2020345603303
60,2021-06-08,BOS,1522.8687336804098
61,2021-06-09,BOS,1520.63238884521
62,2021-06-10,BOS,1522.67383594403
63,2021-06-11,BOS,1523.59190809161
64,2021-06-12,BOS,1521.2181542876199
65,2021-06-13,BOS,1517.0725852333499
66,2021-06-14,BOS,1518.0211116802802
67,2021-06-15,BOS,1519.4419479081
68,2021-06-16,BOS,1521.0397183093398
69,2021-06-18,BOS,1519.5641097350301
70,2021-06-19,BOS,1521.81728343208
71,2021-06-20,BOS,1519.73551510599
72,2021-06-22,BOS,1521.93725795669
73,2021-06-23,BOS,1520.1012030663
74,2021-06-24,BOS,1519.16732259583
75,2021-06-25,BOS,1520.4878889992199
76,2021-06-26,BOS,1521.7486563209802
77,2021-06-27,BOS,1524.86951117102
78,2021-06-28,BOS,1525.69594768354
79,2021-06-29,BOS,1526.3568272327
80,2021-06-30,BOS,1527.7984378836402
81,2021-07-01,BOS,1530.17404750823
82,2021-07-02,BOS,1531.22837608954
83,2021-07-03,BOS,1530.2932030273998
84,2021-07-04,BOS,1531.40062255163
85,2021-07-05,BOS,1532.3220234847101
86,2021-07-06,BOS,1530.87867178707
87,2021-07-07,BOS,1529.7891895004502
88,2021-07-09,BOS,1531.82412668731
89,2021-07-10,BOS,1527.77589104745
90,2021-07-11,BOS,1526.49949518576
0,2021-04-01,TBD,1534.08597728508
1,2021-04-02,TBD,1535.26041973888
2,2021-04-03,TBD,1532.4367817889902
3,2021-04-05,TBD,1529.2809658616
4,2021-04-06,TBD,1528.10708037922
5,2021-04-07,TBD,1525.3290928986098
6,2021-04-09,TBD,1527.5710165502499
7,2021-04-10,TBD,1529.52662710751
8,2021-04-11,TBD,1527.71790314675
9,2021-04-12,TBD,1528.3809982845598
10,2021-04-13,TBD,1525.3087861358702
11,2021-04-14,TBD,1522.6913982668302
12,2021-04-15,TBD,1520.70523997695
13,2021-04-16,TBD,1523.7153443977802
14,2021-04-17,TBD,1525.55689288355
15,2021-04-18,TBD,1527.5415218757198
16,2021-04-19,TBD,1529.08248910435
17,2021-04-20,TBD,1531.40982089207
18,2021-04-21,TBD,1530.2608321900598
19,2021-04-23,TBD,1528.5400077549402
20,2021-04-24,TBD,1529.8317134530898
21,2021-04-25,TBD,1528.83453146577
22,2021-04-26,TBD,1527.64910016224
23,2021-04-27,TBD,1528.6248117319299
24,2021-04-28,TBD,1529.69611363149
25,2021-04-29,TBD,1528.6143146177099
26,2021-04-30,TBD,1525.8216045999
27,2021-05-01,TBD,1524.4276438794598
28,2021-05-02,TBD,1525.53037270867
29,2021-05-03,TBD,1527.20511021948
30,2021-05-04,TBD,1529.5042455111902
31,2021-05-05,TBD,1530.9478268535001
32,2021-05-06,TBD,1533.20362964892
33,2021-05-07,TBD,1532.19587636514
34,2021-05-08,TBD,1530.36162976547
35,2021-05-09,TBD,1531.51596526585
36,2021-05-11,TBD,1530.18432069425
37,2021-05-12,TBD,1529.3552861439002
38,2021-05-13,TBD,1532.24686347585
39,2021-05-14,TBD,1533.05587259689
40,2021-05-15,TBD,1535.3709521827302
41,2021-05-16,TBD,1537.6479895681302
42,2021-05-18,TBD,1539.7087759175502
43,2021-05-19,TBD,1540.9922877801998
44,2021-05-20,TBD,1543.1686772744902
45,2021-05-21,TBD,1544.4445362003698
46,2021-05-22,TBD,1545.9229218741198
47,2021-05-23,TBD,1547.5796580261801
48,2021-05-24,TBD,1550.1064146399801
49,2021-05-25,TBD,1548.56723315761
50,2021-05-26,TBD,1549.22233602695
51,2021-05-27,TBD,1550.8171205873998
52,2021-05-29,TBD,1552.0880689734197
53,2021-05-30,TBD,1553.52435746157
54,2021-05-31,TBD,1554.86493279267
55,2021-06-01,TBD,1553.4866687101098
56,2021-06-02,TBD,1552.5612777062602
57,2021-06-03,TBD,1556.1343579434301
58,2021-06-04,TBD,1554.9068747607598
59,2021-06-05,TBD,1555.87779800292
60,2021-06-06,TBD,1557.84251719346
61,2021-06-08,TBD,1558.6430409869101
62,2021-06-09,TBD,1556.8327745548402
63,2021-06-11,TBD,1557.62557216897
64,2021-06-12,TBD,1558.08038721471
65,2021-06-13,TBD,1559.42916124047
66,2021-06-14,TBD,1561.15160428243
67,2021-06-15,TBD,1559.5463002492002
68,2021-06-16,TBD,1558.6140445524697
69,2021-06-17,TBD,1557.2658268312803
70,2021-06-18,TBD,1555.0727201466
71,2021-06-19,TBD,1553.81805863057
72,2021-06-20,TBD,1551.6979540350198
73,2021-06-22,TBD,1549.4962111843201
74,2021-06-23,TBD,1551.33226607471
75,2021-06-24,TBD,1552.2661465451802
76,2021-06-25,TBD,1553.1102034852
77,2021-06-26,TBD,1555.73173931817
78,2021-06-27,TBD,1553.9006433286302
79,2021-06-29,TBD,1552.70492365395
80,2021-06-30,TBD,1549.28332564039
81,2021-07-02,TBD,1546.2159355373901
82,2021-07-03,TBD,1544.62637849271
83,2021-07-04,TBD,1546.75148570534
84,2021-07-05,TBD,1547.3660561342801
85,2021-07-07,TBD,1549.42255970465
86,2021-07-07,TBD,1550.7076310076502
87,2021-07-09,TBD,1552.91751793207
88,2021-07-10,TBD,1554.3224778769597
89,2021-07-11,TBD,1552.6908159332902
0,2021-04-02,BAL,1437.89186857401
1,2021-04-03,BAL,1439.73098193934
2,2021-04-04,BAL,1443.54286119824
3,2021-04-05,BAL,1442.3702374751902
4,2021-04-06,BAL,1441.5518433814402
5,2021-04-07,BAL,1443.02069557268
6,2021-04-08,BAL,1441.64331736335
7,2021-04-10,BAL,1440.44683555736
8,2021-04-11,BAL,1438.6533551736802
9,2021-04-13,BAL,1438.5529043387398
10,2021-04-13,BAL,1437.5582716367999
11,2021-04-15,BAL,1437.4477829306602
12,2021-04-15,BAL,1436.4702245296899
13,2021-04-16,BAL,1438.5285771612303
14,2021-04-17,BAL,1441.12528598836
15,2021-04-18,BAL,1440.13001452466
16,2021-04-20,BAL,1441.8390588905402
17,2021-04-21,BAL,1440.45676581189
18,2021-04-23,BAL,1439.43020572387
19,2021-04-24,BAL,1437.9185305389801
20,2021-04-25,BAL,1440.71750904877
21,2021-04-26,BAL,1442.47261901579
22,2021-04-27,BAL,1441.1526363844
23,2021-04-28,BAL,1439.10251159004
24,2021-04-29,BAL,1440.55013746915
25,2021-04-30,BAL,1441.81028497038
26,2021-05-01,BAL,1444.50450514001
27,2021-05-02,BAL,1443.70945211052
28,2021-05-03,BAL,1445.3275028278601
29,2021-05-04,BAL,1444.12394339585
30,2021-05-05,BAL,1446.77077815441
31,2021-05-07,BAL,1445.3484389092498
32,2021-05-08,BAL,1443.4720746959101
33,2021-05-09,BAL,1442.59446824156
34,2021-05-10,BAL,1444.55618663465
35,2021-05-11,BAL,1443.7578622122799
36,2021-05-12,BAL,1442.3742081680402
37,2021-05-14,BAL,1441.66709118897
38,2021-05-15,BAL,1440.0100176375302
39,2021-05-16,BAL,1442.6396827965198
40,2021-05-18,BAL,1440.5788964470999
41,2021-05-19,BAL,1439.2953845844502
42,2021-05-20,BAL,1437.1189950901598
43,2021-05-21,BAL,1436.3800060806
44,2021-05-22,BAL,1435.2463078242401
45,2021-05-23,BAL,1434.6028918014401
46,2021-05-24,BAL,1432.7316300337302
47,2021-05-25,BAL,1431.79891717604
48,2021-05-26,BAL,1431.2415130754998
49,2021-05-27,BAL,1430.16431996935
50,2021-05-29,BAL,1429.2904107947597
51,2021-05-29,BAL,1428.4368496276002
52,2021-05-30,BAL,1427.72971039706
53,2021-05-31,BAL,1427.0001070001501
54,2021-06-01,BAL,1429.19649557852
55,2021-06-02,BAL,1431.26756321394
56,2021-06-04,BAL,1432.74945248106
57,2021-06-05,BAL,1430.42521717323
58,2021-06-06,BAL,1435.03112878667
59,2021-06-08,BAL,1438.2790525159803
60,2021-06-09,BAL,1435.6527039337
61,2021-06-11,BAL,1434.85990631957
62,2021-06-12,BAL,1434.40509127383
63,2021-06-13,BAL,1433.0563172480702
64,2021-06-14,BAL,1432.3492121889
65,2021-06-15,BAL,1430.9561721867099
66,2021-06-16,BAL,1430.3274352983099
67,2021-06-17,BAL,1428.4182158327899
68,2021-06-18,BAL,1431.7662818225
69,2021-06-19,BAL,1430.5546402517498
70,2021-06-20,BAL,1429.6345646248
71,2021-06-21,BAL,1427.7217434519698
72,2021-06-22,BAL,1426.9901558437302
73,2021-06-23,BAL,1424.85631343086
74,2021-06-24,BAL,1422.9876256948598
75,2021-06-25,BAL,1424.6001935502302
76,2021-06-26,BAL,1423.22037575002
77,2021-06-27,BAL,1422.30814780234
78,2021-06-28,BAL,1424.75040351655
79,2021-06-29,BAL,1430.26565043434
80,2021-06-30,BAL,1433.25508243685
81,2021-07-02,BAL,1432.56943674729
82,2021-07-03,BAL,1431.4845101156302
83,2021-07-04,BAL,1430.79770751526
84,2021-07-06,BAL,1432.44193365957
85,2021-07-07,BAL,1430.66169286295
86,2021-07-09,BAL,1427.8766657614901
87,2021-07-10,BAL,1426.51439712861
88,2021-07-11,BAL,1425.4595992402699
0,2021-04-01,CHW,1514.7868554648198
1,2021-04-02,CHW,1516.9512763738098
2,2021-04-03,CHW,1515.46868769785
3,2021-04-04,CHW,1514.03203303246
4,2021-04-05,CHW,1516.68595095465
5,2021-04-06,CHW,1518.95762925483
6,2021-04-07,CHW,1516.8361162491
7,2021-04-08,CHW,1518.52118671814
8,2021-04-11,CHW,1517.4089162219198
9,2021-04-12,CHW,1518.31416944534
10,2021-04-13,CHW,1516.8864310298497
11,2021-04-14,CHW,1519.8773097074697
12,2021-04-15,CHW,1518.24830425193
13,2021-04-17,CHW,1516.8536709795198
14,2021-04-18,CHW,1520.16389120617
15,2021-04-18,CHW,1518.00542449784
16,2021-04-19,CHW,1517.41134812374
17,2021-04-20,CHW,1519.25179910517
18,2021-04-23,CHW,1520.40119565453
19,2021-04-24,CHW,1521.17036389526
20,2021-04-25,CHW,1522.7909561261
21,2021-04-27,CHW,1520.34589982771
22,2021-04-29,CHW,1523.93359436639
23,2021-04-29,CHW,1521.1478004044102
24,2021-04-30,CHW,1522.7033387446697
25,2021-05-01,CHW,1524.08206737367
26,2021-05-02,CHW,1521.5312095762
27,2021-05-04,CHW,1524.84406196698
28,2021-05-05,CHW,1523.9238706343601
29,2021-05-07,CHW,1525.3518679738097
30,2021-05-08,CHW,1527.4645107649899
31,2021-05-09,CHW,1529.54193456707
32,2021-05-11,CHW,1531.91647978762
33,2021-05-12,CHW,1533.93739787213
34,2021-05-13,CHW,1534.9955579120099
35,2021-05-14,CHW,1533.2741843526
36,2021-05-14,CHW,1532.2758616814199
37,2021-05-15,CHW,1530.75706773485
38,2021-05-16,CHW,1531.55519614565
39,2021-05-17,CHW,1535.57984111309
40,2021-05-18,CHW,1534.34757568722
41,2021-05-19,CHW,1535.2840931996302
42,2021-05-21,CHW,1534.40137712392
43,2021-05-22,CHW,1532.83184119875
44,2021-05-23,CHW,1531.9964935653
45,2021-05-24,CHW,1533.43528258331
46,2021-05-25,CHW,1535.3901980914802
47,2021-05-26,CHW,1533.0352083491598
48,2021-05-27,CHW,1534.11240145531
49,2021-05-29,CHW,1534.9863106299
50,2021-05-29,CHW,1535.83987179706
51,2021-05-30,CHW,1536.5470110276
52,2021-05-31,CHW,1537.77199801096
53,2021-05-31,CHW,1536.48685428966
54,2021-06-01,CHW,1535.6774450454002
55,2021-06-03,CHW,1536.5720026283898
56,2021-06-04,CHW,1537.3228251059602
57,2021-06-05,CHW,1535.7633564533999
58,2021-06-06,CHW,1536.8664444926
59,2021-06-08,CHW,1538.8273445544298
60,2021-06-09,CHW,1536.40251276646
61,2021-06-10,CHW,1538.16253781466
62,2021-06-11,CHW,1538.895454356
63,2021-06-12,CHW,1542.12055398802
64,2021-06-13,CHW,1543.23428708339
65,2021-06-14,CHW,1541.51184404143
66,2021-06-15,CHW,1543.11714807466
67,2021-06-16,CHW,1544.0494037713902
68,2021-06-17,CHW,1541.82798062386
69,2021-06-18,CHW,1540.96649979363
70,2021-06-19,CHW,1539.19583699436
71,2021-06-20,CHW,1537.29258160975
72,2021-06-22,CHW,1535.03251839979
73,2021-06-23,CHW,1535.8076596037197
74,2021-06-25,CHW,1532.6284845778
75,2021-06-26,CHW,1531.25084750625
76,2021-06-27,CHW,1532.2339084989599
77,2021-06-29,CHW,1533.0459724276902
78,2021-06-30,CHW,1535.91218263264
79,2021-07-01,CHW,1537.3123753544298
80,2021-07-02,CHW,1539.1701917164498
81,2021-07-03,CHW,1536.43488912296
82,2021-07-04,CHW,1535.09056111776
83,2021-07-05,CHW,1533.42906653341
84,2021-07-06,CHW,1535.04060757775
85,2021-07-07,CHW,1537.00433615462
86,2021-07-09,CHW,1539.78936325608
87,2021-07-10,CHW,1541.1516318889599
88,2021-07-11,CHW,1542.2064297773002
0,2021-04-01,MIN,1536.69587132002
1,2021-04-03,MIN,1538.20604047496
2,2021-04-04,MIN,1540.60096219449
3,2021-04-05,MIN,1543.07256061405
4,2021-04-06,MIN,1541.7669257586401
5,2021-04-07,MIN,1542.4867835664802
6,2021-04-08,MIN,1544.58706321879
7,2021-04-10,MIN,1543.1610100958999
8,2021-04-11,MIN,1541.2401671218201
9,2021-04-13,MIN,1539.60139353857
10,2021-04-14,MIN,1538.3509216344
11,2021-04-14,MIN,1535.62433805138
12,2021-04-15,MIN,1536.41560623267
13,2021-04-16,MIN,1534.1994634052699
14,2021-04-20,MIN,1530.5409404114903
15,2021-04-20,MIN,1531.6395911054199
16,2021-04-21,MIN,1529.49058615849
17,2021-04-23,MIN,1530.3401244974402
18,2021-04-24,MIN,1527.52252519568
19,2021-04-25,MIN,1524.76153799814
20,2021-04-26,MIN,1523.47223638766
21,2021-04-27,MIN,1521.92128511318
22,2021-04-28,MIN,1524.50851157078
23,2021-04-30,MIN,1526.7321234326598
24,2021-05-01,MIN,1523.29492577289
25,2021-05-02,MIN,1525.4993541401002
26,2021-05-03,MIN,1526.23119991897
27,2021-05-04,MIN,1524.1427193311301
28,2021-05-05,MIN,1522.57282006944
29,2021-05-06,MIN,1521.11822203763
30,2021-05-07,MIN,1522.5978208656197
31,2021-05-08,MIN,1520.2504849807501
32,2021-05-11,MIN,1517.8759397601998
33,2021-05-12,MIN,1515.85502167569
34,2021-05-13,MIN,1514.79686163581
35,2021-05-14,MIN,1512.50900879605
36,2021-05-15,MIN,1513.44108689388
37,2021-05-16,MIN,1512.4074749644299
38,2021-05-17,MIN,1508.38282999699
39,2021-05-18,MIN,1509.6150954228601
40,2021-05-19,MIN,1508.67857791045
41,2021-05-20,MIN,1508.2915610893301
42,2021-05-20,MIN,1506.5433640042802
43,2021-05-21,MIN,1511.98598956811
44,2021-05-22,MIN,1510.9614523690698
45,2021-05-23,MIN,1512.87743969292
46,2021-05-24,MIN,1514.7487014606302
47,2021-05-25,MIN,1515.68141431832
48,2021-05-26,MIN,1516.2388184188599
49,2021-05-28,MIN,1513.5137614033802
50,2021-05-29,MIN,1514.2352234018601
51,2021-05-30,MIN,1512.30534305659
52,2021-05-31,MIN,1513.0349464535
53,2021-06-01,MIN,1510.83855787513
54,2021-06-02,MIN,1508.76749023971
55,2021-06-03,MIN,1507.73297017386
56,2021-06-04,MIN,1504.6497232216
57,2021-06-05,MIN,1505.65631263957
58,2021-06-06,MIN,1506.7534367547303
59,2021-06-08,MIN,1504.84227972443
60,2021-06-09,MIN,1503.67060076173
61,2021-06-10,MIN,1504.87197178823
62,2021-06-11,MIN,1503.76955034289
63,2021-06-12,MIN,1505.51840604448
64,2021-06-13,MIN,1502.1942835065197
65,2021-06-14,MIN,1501.13372646771
66,2021-06-15,MIN,1497.3971206803699
67,2021-06-16,MIN,1499.67480782061
68,2021-06-18,MIN,1500.72735416455
69,2021-06-19,MIN,1501.6997968407502
70,2021-06-20,MIN,1502.8447460106
71,2021-06-21,MIN,1504.11001597094
72,2021-06-22,MIN,1502.3503430992002
73,2021-06-24,MIN,1500.3579630214901
74,2021-06-25,MIN,1501.3301935278303
75,2021-06-27,MIN,1503.5587030145002
76,2021-06-29,MIN,1502.7466390857699
77,2021-06-30,MIN,1499.88042888082
78,2021-07-01,MIN,1498.4802361590303
79,2021-07-02,MIN,1496.84395059486
80,2021-07-03,MIN,1495.3313011128
81,2021-07-04,MIN,1497.01376953189
82,2021-07-05,MIN,1498.67526411624
83,2021-07-06,MIN,1497.0637230719
84,2021-07-07,MIN,1495.0999944950302
85,2021-07-08,MIN,1496.1929562384698
86,2021-07-09,MIN,1497.05491298668
87,2021-07-10,MIN,1498.7302418653
88,2021-07-11,MIN,1499.78453708918
0,2021-04-01,DET,1447.6674122146899
1,2021-04-03,DET,1449.67807235886
2,2021-04-04,DET,1447.55143052375
3,2021-04-05,DET,1445.07983210419
4,2021-04-06,DET,1446.3854669595999
5,2021-04-07,DET,1445.66560915176
6,2021-04-09,DET,1444.7095027811902
7,2021-04-10,DET,1442.67358683613
8,2021-04-11,DET,1441.38351119725
9,2021-04-12,DET,1444.62403928746
10,2021-04-13,DET,1448.324899544
11,2021-04-14,DET,1450.43762707754
12,2021-04-15,DET,1449.17749603491
13,2021-04-16,DET,1448.0048206174
14,2021-04-17,DET,1445.9522078102802
15,2021-04-18,DET,1445.26957139339
16,2021-04-21,DET,1444.20658656655
17,2021-04-21,DET,1445.5634036458403
18,2021-04-22,DET,1444.0834371424698
19,2021-04-23,DET,1442.33183160827
20,2021-04-24,DET,1441.3297759604002
21,2021-04-25,DET,1439.62452556719
22,2021-04-26,DET,1438.58273679498
23,2021-04-27,DET,1441.02779309337
24,2021-04-29,DET,1440.22589251667
25,2021-04-29,DET,1437.44009855469
26,2021-04-30,DET,1436.37563402014
27,2021-05-01,DET,1435.63182792371
28,2021-05-02,DET,1434.9281958461902
29,2021-05-04,DET,1433.6860598027697
30,2021-05-05,DET,1435.0602910201
31,2021-05-06,DET,1433.96093191827
32,2021-05-07,DET,1432.4813330902803
33,2021-05-08,DET,1434.82866897515
34,2021-05-11,DET,1435.86527279699
35,2021-05-12,DET,1437.28902550259
36,2021-05-13,DET,1438.16445540225
37,2021-05-14,DET,1437.1201153399
38,2021-05-15,DET,1438.2008704266
39,2021-05-16,DET,1436.58670479182
40,2021-05-17,DET,1438.7301969329
41,2021-05-18,DET,1441.3829270855401
42,2021-05-19,DET,1443.82158927099
43,2021-05-21,DET,1445.43897810706
44,2021-05-22,DET,1444.34319422041
45,2021-05-23,DET,1443.46867178018
46,2021-05-24,DET,1442.4367911804998
47,2021-05-25,DET,1441.2439369759697
48,2021-05-26,DET,1442.37278039243
49,2021-05-27,DET,1441.2180004826
50,2021-05-28,DET,1442.7601005684803
51,2021-05-29,DET,1445.2229725614002
52,2021-05-30,DET,1447.51436661204
53,2021-05-31,DET,1446.94714074634
54,2021-06-01,DET,1449.0077221708402
55,2021-06-03,DET,1448.11316458785
56,2021-06-04,DET,1447.3623421102802
57,2021-06-05,DET,1448.9218107628399
58,2021-06-06,DET,1447.8187227236401
59,2021-06-08,DET,1449.2401454957999
60,2021-06-09,DET,1447.4038596145
61,2021-06-10,DET,1449.6997707607502
62,2021-06-11,DET,1448.9668542194102
63,2021-06-12,DET,1445.7417545873902
64,2021-06-13,DET,1444.62802149202
65,2021-06-14,DET,1447.7687216084803
66,2021-06-15,DET,1448.9929441058403
67,2021-06-16,DET,1450.21755667913
68,2021-06-17,DET,1449.33320008708
69,2021-06-18,DET,1447.3200343742599
70,2021-06-19,DET,1445.7643991748098
71,2021-06-20,DET,1447.46162429346
72,2021-06-22,DET,1449.95104815661
73,2021-06-23,DET,1451.97200923078
74,2021-06-24,DET,1450.1757853238
75,2021-06-26,DET,1451.29523831491
76,2021-06-26,DET,1451.9091584396201
77,2021-06-27,DET,1452.6643153057098
78,2021-06-28,DET,1450.40071206714
79,2021-06-30,DET,1453.2622704368398
80,2021-06-30,DET,1456.12125115114
81,2021-07-02,DET,1454.2634347891199
82,2021-07-03,DET,1456.9987373826098
83,2021-07-04,DET,1458.3430653878102
84,2021-07-05,DET,1460.3969340205301
85,2021-07-06,DET,1458.649322276
86,2021-07-07,DET,1460.10825527784
87,2021-07-08,DET,1459.0152935344
88,2021-07-09,DET,1458.1533367861903
89,2021-07-10,DET,1456.47800790757
90,2021-07-11,DET,1455.4237126836902
0,2021-04-01,KCR,1471.78808120466
1,2021-04-03,KCR,1473.91111485543
2,2021-04-04,KCR,1471.56245552502
3,2021-04-05,KCR,1473.35918038659
4,2021-04-07,KCR,1472.60433902784
5,2021-04-08,KCR,1470.9192685588
6,2021-04-11,KCR,1472.03153905502
7,2021-04-12,KCR,1469.44339534677
8,2021-04-13,KCR,1470.5791625832
9,2021-04-14,KCR,1472.92004578988
10,2021-04-15,KCR,1474.3888785825302
11,2021-04-17,KCR,1472.50019671401
12,2021-04-17,KCR,1473.61392084595
13,2021-04-18,KCR,1475.00550753419
14,2021-04-19,KCR,1473.46454030556
15,2021-04-20,KCR,1471.13720851784
16,2021-04-21,KCR,1472.2861972198498
17,2021-04-23,KCR,1474.03780275405
18,2021-04-24,KCR,1475.03985840192
19,2021-04-25,KCR,1476.74510879513
20,2021-04-26,KCR,1477.78689756734
21,2021-04-27,KCR,1476.7849531255702
22,2021-04-28,KCR,1478.3261422049
23,2021-04-30,KCR,1476.10253034302
24,2021-05-01,KCR,1479.5397280027898
25,2021-05-02,KCR,1477.3352996355802
26,2021-05-03,KCR,1476.1971242977402
27,2021-05-04,KCR,1474.19595813004
28,2021-05-05,KCR,1473.38140500604
29,2021-05-06,KCR,1471.38702122077
30,2021-05-07,KCR,1469.9590238813198
31,2021-05-08,KCR,1467.84638109014
32,2021-05-09,KCR,1465.76895728806
33,2021-05-11,KCR,1464.7323534662198
34,2021-05-12,KCR,1463.3086007606198
35,2021-05-13,KCR,1462.43317086096
36,2021-05-14,KCR,1464.1545444203698
37,2021-05-14,KCR,1465.15286709155
38,2021-05-15,KCR,1466.6716610381197
39,2021-05-16,KCR,1465.87353262732
40,2021-05-18,KCR,1467.54746561201
41,2021-05-19,KCR,1469.08807893042
42,2021-05-21,KCR,1467.47069009435
43,2021-05-22,KCR,1468.5664739810002
44,2021-05-23,KCR,1469.4409964212302
45,2021-05-25,KCR,1470.9801779036
46,2021-05-26,KCR,1470.32507503426
47,2021-05-27,KCR,1468.7302904738099
48,2021-05-28,KCR,1471.4553474892903
49,2021-05-29,KCR,1470.7338854908098
50,2021-05-30,KCR,1472.66376583608
51,2021-05-31,KCR,1473.96897472358
52,2021-06-01,KCR,1475.41879356211
53,2021-06-03,KCR,1476.45331362796
54,2021-06-04,KCR,1479.53656058022
55,2021-06-05,KCR,1478.5299711622501
56,2021-06-06,KCR,1477.43284704709
57,2021-06-07,KCR,1475.6947993441502
58,2021-06-08,KCR,1473.52423125363
59,2021-06-09,KCR,1471.6495942736801
60,2021-06-10,KCR,1474.2731548014701
61,2021-06-11,KCR,1473.43972053361
62,2021-06-12,KCR,1471.2021685575698
63,2021-06-13,KCR,1470.1613464439802
64,2021-06-14,KCR,1467.02064632752
65,2021-06-15,KCR,1465.79642383016
66,2021-06-16,KCR,1464.5718112568698
67,2021-06-18,KCR,1466.0474198311802
68,2021-06-19,KCR,1463.79424613413
69,2021-06-20,KCR,1465.87601446022
70,2021-06-22,KCR,1467.48986411677
71,2021-06-23,KCR,1466.63019056039
72,2021-06-24,KCR,1464.8882324302099
73,2021-06-25,KCR,1462.72912180137
74,2021-06-26,KCR,1460.34680734806
75,2021-06-27,KCR,1458.72554062389
76,2021-06-28,KCR,1457.89910411137
77,2021-06-29,KCR,1457.23822456221
78,2021-06-30,KCR,1455.7966139112698
79,2021-07-01,KCR,1453.42100428668
80,2021-07-02,KCR,1455.0572898508499
81,2021-07-03,KCR,1456.5699393329098
82,2021-07-04,KCR,1454.88747091382
83,2021-07-05,KCR,1452.85532686741
84,2021-07-06,KCR,1454.05262441626
85,2021-07-07,KCR,1452.6475596126402
86,2021-07-08,KCR,1451.43361185547
87,2021-07-09,KCR,1450.66548947355
88,2021-07-10,KCR,1448.19409228066
0,2021-04-01,CLE,1511.9473622986402
1,2021-04-03,CLE,1509.93670215447
2,2021-04-04,CLE,1512.06334398958
3,2021-04-05,CLE,1510.26661912801
4,2021-04-07,CLE,1511.02146048676
5,2021-04-09,CLE,1511.97756685733
6,2021-04-10,CLE,1514.0134828023902
7,2021-04-11,CLE,1515.3035584412698
8,2021-04-12,CLE,1514.39830521785
9,2021-04-13,CLE,1515.82604363334
10,2021-04-14,CLE,1512.8351649557198
11,2021-04-15,CLE,1514.46417041126
12,2021-04-16,CLE,1512.01815150315
13,2021-04-17,CLE,1511.2017182057598
14,2021-04-18,CLE,1512.6636195958802
15,2021-04-20,CLE,1510.82316861445
16,2021-04-22,CLE,1509.12651471948
17,2021-04-23,CLE,1508.0670094267498
18,2021-04-24,CLE,1507.1623440887302
19,2021-04-25,CLE,1509.34821091866
20,2021-04-26,CLE,1510.63751252914
21,2021-04-27,CLE,1512.18846380362
22,2021-04-28,CLE,1509.6012373460198
23,2021-04-30,CLE,1510.8314929677401
24,2021-05-01,CLE,1509.4527643387398
25,2021-05-02,CLE,1512.00362213621
26,2021-05-03,CLE,1513.14179747405
27,2021-05-04,CLE,1515.14296364175
28,2021-05-05,CLE,1515.9575167657501
29,2021-05-06,CLE,1517.95190055102
30,2021-05-07,CLE,1515.96707148219
31,2021-05-08,CLE,1518.30707707234
32,2021-05-11,CLE,1519.0538153034602
33,2021-05-12,CLE,1520.02270157703
34,2021-05-13,CLE,1521.20689819383
35,2021-05-14,CLE,1518.8281364687
36,2021-05-15,CLE,1516.84060385212
37,2021-05-16,CLE,1515.4504762554998
38,2021-05-17,CLE,1513.7735459595199
39,2021-05-18,CLE,1514.81130511306
40,2021-05-19,CLE,1515.8957667294198
41,2021-05-21,CLE,1512.20133825064
42,2021-05-22,CLE,1513.2258754496802
43,2021-05-23,CLE,1511.3098881258302
44,2021-05-24,CLE,1512.3417687255098
45,2021-05-25,CLE,1513.53462293004
46,2021-05-26,CLE,1512.40577951358
47,2021-05-27,CLE,1513.56055942341
48,2021-05-28,CLE,1510.9859678286903
49,2021-05-30,CLE,1510.24120726288
50,2021-05-30,CLE,1509.14397232914
51,2021-05-31,CLE,1510.30136400082
52,2021-05-31,CLE,1509.01622027952
53,2021-06-01,CLE,1511.11077324508
54,2021-06-04,CLE,1509.62888397796
55,2021-06-05,CLE,1511.95311928579
56,2021-06-06,CLE,1507.34720767235
57,2021-06-08,CLE,1510.0638817584302
58,2021-06-09,CLE,1507.9040257756
59,2021-06-11,CLE,1509.99231416202
60,2021-06-12,CLE,1510.85101428384
61,2021-06-13,CLE,1508.14108499036
62,2021-06-14,CLE,1508.84819004953
63,2021-06-15,CLE,1510.2412300517199
64,2021-06-16,CLE,1510.8699669401199
65,2021-06-17,CLE,1512.7791864056398
66,2021-06-18,CLE,1511.50121769059
67,2021-06-19,CLE,1509.4094586853698
68,2021-06-20,CLE,1510.4268651089599
69,2021-06-21,CLE,1512.63612056186
70,2021-06-22,CLE,1510.83732389668
71,2021-06-24,CLE,1512.82970397439
72,2021-06-25,CLE,1511.8574734680499
73,2021-06-27,CLE,1509.62896398138
74,2021-06-28,CLE,1511.89256721995
75,2021-06-30,CLE,1506.17202813595
76,2021-06-30,CLE,1509.03100885025
77,2021-07-01,CLE,1504.3476396267301
78,2021-07-02,CLE,1503.0775534184802
79,2021-07-03,CLE,1502.2681469325303
80,2021-07-04,CLE,1501.47448201154
81,2021-07-05,CLE,1500.8599115826
82,2021-07-07,CLE,1497.51833670923
83,2021-07-07,CLE,1498.8034080122302
84,2021-07-08,CLE,1498.7322844664002
85,2021-07-09,CLE,1499.50040684832
86,2021-07-10,CLE,1501.9718040412101
0,2021-04-01,HOU,1554.35578710751
1,2021-04-02,HOU,1556.15826357465
2,2021-04-03,HOU,1558.7250167193602
3,2021-04-04,HOU,1561.19047145035
4,2021-04-05,HOU,1560.06976589477
5,2021-04-06,HOU,1561.32045239349
6,2021-04-08,HOU,1562.6145503497
7,2021-04-09,HOU,1560.07979357131
8,2021-04-10,HOU,1557.47459576771
9,2021-04-12,HOU,1554.2340676775
10,2021-04-13,HOU,1550.53320742096
11,2021-04-14,HOU,1548.42047988742
12,2021-04-16,HOU,1547.10164458501
13,2021-04-17,HOU,1547.8006324059602
14,2021-04-18,HOU,1545.02583090367
15,2021-04-20,HOU,1542.8510063794101
16,2021-04-21,HOU,1540.83307038107
17,2021-04-22,HOU,1542.75495607599
18,2021-04-23,HOU,1543.55867540571
19,2021-04-24,HOU,1546.9888616002802
20,2021-04-25,HOU,1545.35232145397
21,2021-04-26,HOU,1546.5259108533098
22,2021-04-27,HOU,1547.53866043384
23,2021-04-28,HOU,1548.4098782888098
24,2021-04-29,HOU,1547.0098094054401
25,2021-04-30,HOU,1549.80251942325
26,2021-05-01,HOU,1551.1964801436902
27,2021-05-02,HOU,1550.09375131448
28,2021-05-04,HOU,1548.2367489034
29,2021-05-05,HOU,1546.8182227886402
30,2021-05-06,HOU,1549.0283990991102
31,2021-05-07,HOU,1550.9904434425198
32,2021-05-08,HOU,1548.54833394081
33,2021-05-09,HOU,1549.8183260895098
34,2021-05-10,HOU,1548.4154957638098
35,2021-05-11,HOU,1549.86834356321
36,2021-05-12,HOU,1552.12222806667
37,2021-05-13,HOU,1552.7585149482998
38,2021-05-14,HOU,1554.14114916401
39,2021-05-15,HOU,1554.84350006975
40,2021-05-16,HOU,1556.0775290417498
41,2021-05-18,HOU,1554.97227415146
42,2021-05-19,HOU,1557.50109851607
43,2021-05-20,HOU,1559.4515735537802
44,2021-05-21,HOU,1558.0639526126402
45,2021-05-22,HOU,1555.53837446563
46,2021-05-23,HOU,1554.25175537322
47,2021-05-25,HOU,1551.70293212042
48,2021-05-26,HOU,1553.7488988490697
49,2021-05-28,HOU,1551.0163024090698
50,2021-05-29,HOU,1549.61126756924
51,2021-05-30,HOU,1551.23191991091
52,2021-05-31,HOU,1553.81951575974
53,2021-06-01,HOU,1555.32974575038
54,2021-06-02,HOU,1556.1507587335598
55,2021-06-03,HOU,1553.7518693635598
56,2021-06-04,HOU,1558.0865931322303
57,2021-06-05,HOU,1555.9961660477402
58,2021-06-06,HOU,1557.5846106962
59,2021-06-08,HOU,1559.91791157612
60,2021-06-09,HOU,1562.15425641132
61,2021-06-10,HOU,1560.1128093125
62,2021-06-11,HOU,1561.21523075784
63,2021-06-12,HOU,1559.46637505625
64,2021-06-13,HOU,1562.79049759421
65,2021-06-15,HOU,1563.8482962933401
66,2021-06-16,HOU,1564.79855361452
67,2021-06-17,HOU,1567.01997676205
68,2021-06-18,HOU,1567.88145759228
69,2021-06-19,HOU,1569.65212039155
70,2021-06-20,HOU,1571.55537577616
71,2021-06-21,HOU,1573.4681969489902
72,2021-06-22,HOU,1574.1997845572303
73,2021-06-23,HOU,1576.3336269701
74,2021-06-24,HOU,1578.1298508770801
75,2021-06-26,HOU,1576.39647776126
76,2021-06-26,HOU,1577.01039788597
77,2021-06-27,HOU,1575.6413208951699
78,2021-06-28,HOU,1573.1990651809601
79,2021-06-29,HOU,1567.6838182631698
80,2021-06-30,HOU,1564.6943862606602
81,2021-07-01,HOU,1566.51877476988
82,2021-07-02,HOU,1567.7888609781303
83,2021-07-03,HOU,1568.5982674640802
84,2021-07-04,HOU,1569.3919323850698
85,2021-07-06,HOU,1570.7627583477301
86,2021-07-07,HOU,1571.5402544793499
87,2021-07-08,HOU,1570.17228596221
88,2021-07-09,HOU,1567.53064096669
89,2021-07-10,HOU,1566.44137087216
90,2021-07-11,HOU,1567.3052806865198
0,2021-04-01,ANA,1509.8383355164199
1,2021-04-02,ANA,1507.67391460743
2,2021-04-03,ANA,1509.1565032833898
3,2021-04-04,ANA,1510.5931579487801
4,2021-04-05,ANA,1511.71386350436
5,2021-04-06,ANA,1510.4631770056399
6,2021-04-08,ANA,1511.8786142060999
7,2021-04-09,ANA,1514.63443956479
8,2021-04-10,ANA,1510.8753821471
9,2021-04-12,ANA,1513.46352585535
10,2021-04-13,ANA,1512.32775861892
11,2021-04-14,ANA,1509.98687541224
12,2021-04-16,ANA,1512.20301823964
13,2021-04-19,ANA,1510.30783322865
14,2021-04-20,ANA,1511.67922635361
15,2021-04-21,ANA,1509.65397978613
16,2021-04-22,ANA,1507.73209409121
17,2021-04-23,ANA,1506.9283747614902
18,2021-04-24,ANA,1503.49818856692
19,2021-04-25,ANA,1505.13472871323
20,2021-04-26,ANA,1507.01977022377
21,2021-04-27,ANA,1504.83176556079
22,2021-04-28,ANA,1505.83553233918
23,2021-04-30,ANA,1503.84084322891
24,2021-05-01,ANA,1506.00656037262
25,2021-05-02,ANA,1504.54037215254
26,2021-05-03,ANA,1502.8656346417301
27,2021-05-04,ANA,1500.5664993500197
28,2021-05-05,ANA,1499.12291800771
29,2021-05-06,ANA,1496.86711521229
30,2021-05-07,ANA,1500.1584323297102
31,2021-05-08,ANA,1498.82367101993
32,2021-05-09,ANA,1500.3127333765601
33,2021-05-10,ANA,1501.7155637022597
34,2021-05-11,ANA,1500.26271590286
35,2021-05-12,ANA,1498.0088313994
36,2021-05-14,ANA,1497.08641337883
37,2021-05-15,ANA,1494.1022559529401
38,2021-05-16,ANA,1495.37103542519
39,2021-05-17,ANA,1497.04796572117
40,2021-05-18,ANA,1496.01020656763
41,2021-05-19,ANA,1494.9257449512697
42,2021-05-20,ANA,1497.0609588574403
43,2021-05-20,ANA,1495.31276177239
44,2021-05-21,ANA,1493.32289176953
45,2021-05-22,ANA,1491.6027622661902
46,2021-05-23,ANA,1492.6348636696
47,2021-05-25,ANA,1494.5124102617701
48,2021-05-26,ANA,1495.39209663789
49,2021-05-27,ANA,1493.86235288289
50,2021-05-28,ANA,1492.67479844935
51,2021-05-29,ANA,1494.92029756214
52,2021-05-30,ANA,1496.5498409479
53,2021-05-31,ANA,1494.48798701143
54,2021-06-01,ANA,1497.5833937915197
55,2021-06-03,ANA,1495.20893183811
56,2021-06-04,ANA,1495.9545532522102
57,2021-06-05,ANA,1498.22001311266
58,2021-06-06,ANA,1495.96590080299
59,2021-06-07,ANA,1497.7039485059302
60,2021-06-08,ANA,1499.87451659645
61,2021-06-09,ANA,1501.7491535764002
62,2021-06-11,ANA,1502.72092493403
63,2021-06-12,ANA,1503.65438245581
64,2021-06-13,ANA,1506.11143892625
65,2021-06-14,ANA,1504.7668149491
66,2021-06-15,ANA,1503.5132896554999
67,2021-06-16,ANA,1501.82225166808
68,2021-06-17,ANA,1502.70660826013
69,2021-06-18,ANA,1504.7197739729502
70,2021-06-19,ANA,1506.2754091723998
71,2021-06-20,ANA,1504.57818405375
72,2021-06-22,ANA,1502.25679236727
73,2021-06-23,ANA,1499.9623065498902
74,2021-06-25,ANA,1499.11824960987
75,2021-06-26,ANA,1496.4967137769
76,2021-06-27,ANA,1498.3278097664402
77,2021-06-28,ANA,1499.87834808208
78,2021-06-29,ANA,1497.8919877257902
79,2021-06-30,ANA,1499.7696792407098
80,2021-07-02,ANA,1500.4553249302699
81,2021-07-03,ANA,1501.5402515619298
82,2021-07-04,ANA,1502.2270541623002
83,2021-07-05,ANA,1501.30565322922
84,2021-07-06,ANA,1502.7490049268602
85,2021-07-07,ANA,1503.8384872134802
86,2021-07-09,ANA,1501.88349101958
87,2021-07-10,ANA,1500.49248338279
88,2021-07-11,ANA,1503.2678012195001
0,2021-04-01,SEA,1470.3044338161599
1,2021-04-02,SEA,1468.53748585206
2,2021-04-03,SEA,1470.7203253290302
3,2021-04-05,SEA,1468.06640740684
4,2021-04-06,SEA,1465.7947291066598
5,2021-04-07,SEA,1467.9162421123901
6,2021-04-08,SEA,1465.8159624600798
7,2021-04-10,SEA,1467.24201558297
8,2021-04-11,SEA,1469.16285855705
9,2021-04-13,SEA,1470.25794209393
10,2021-04-13,SEA,1469.26330939199
11,2021-04-15,SEA,1471.34598920104
12,2021-04-15,SEA,1470.36843080007
13,2021-04-16,SEA,1472.66482450345
14,2021-04-17,SEA,1471.9658366825
15,2021-04-18,SEA,1474.74063818479
16,2021-04-19,SEA,1476.06445448437
17,2021-04-20,SEA,1475.2324280975597
18,2021-04-22,SEA,1477.4519183894502
19,2021-04-23,SEA,1476.58910726561
20,2021-04-24,SEA,1479.88684346831
21,2021-04-25,SEA,1479.01251195675
22,2021-04-26,SEA,1477.83892255741
23,2021-04-27,SEA,1476.8261729768801
24,2021-04-28,SEA,1475.9549551219102
25,2021-04-29,SEA,1477.3550240052803
26,2021-04-30,SEA,1479.34971311555
27,2021-05-01,SEA,1477.18399597184
28,2021-05-02,SEA,1478.6501841919198
29,2021-05-03,SEA,1477.0321334745802
30,2021-05-04,SEA,1478.23569290659
31,2021-05-05,SEA,1475.58885814803
32,2021-05-07,SEA,1476.7740013186099
33,2021-05-08,SEA,1475.8054784186402
34,2021-05-09,SEA,1473.09471047959
35,2021-05-11,SEA,1472.38101345673
36,2021-05-12,SEA,1470.9238057162197
37,2021-05-13,SEA,1469.7396090994198
38,2021-05-14,SEA,1472.1183708245499
39,2021-05-15,SEA,1474.10590344113
40,2021-05-16,SEA,1475.4960310377498
41,2021-05-17,SEA,1473.35253889667
42,2021-05-18,SEA,1470.6998087440302
43,2021-05-19,SEA,1468.26114655858
44,2021-05-21,SEA,1465.65068340026
45,2021-05-22,SEA,1464.7106497984803
46,2021-05-23,SEA,1463.41552419414
47,2021-05-24,SEA,1465.1167281101998
48,2021-05-25,SEA,1466.4769810151902
49,2021-05-26,SEA,1465.25887930404
50,2021-05-27,SEA,1467.39126638916
51,2021-05-28,SEA,1468.2706527303399
52,2021-05-29,SEA,1469.2082474770002
53,2021-05-30,SEA,1470.3218523440803
54,2021-05-31,SEA,1471.4785533665602
55,2021-06-01,SEA,1469.1753780865197
56,2021-06-02,SEA,1467.1599204258403
57,2021-06-03,SEA,1469.5343823792498
58,2021-06-04,SEA,1468.7887609651502
59,2021-06-05,SEA,1466.5233011047
60,2021-06-06,SEA,1468.77741341437
61,2021-06-08,SEA,1467.3559906422101
62,2021-06-09,SEA,1469.19227652351
63,2021-06-10,SEA,1466.8963653772598
64,2021-06-11,SEA,1464.8080769908402
65,2021-06-12,SEA,1463.9493768690197
66,2021-06-13,SEA,1466.6593061625
67,2021-06-14,SEA,1467.7198632013099
68,2021-06-15,SEA,1471.45646898865
69,2021-06-16,SEA,1469.17878184841
70,2021-06-17,SEA,1470.5269995695999
71,2021-06-18,SEA,1472.7201062542802
72,2021-06-19,SEA,1473.97476777031
73,2021-06-20,SEA,1476.09487236586
74,2021-06-22,SEA,1476.89888053616
75,2021-06-23,SEA,1475.0796373397102
76,2021-06-25,SEA,1478.25881236563
77,2021-06-26,SEA,1479.63644943718
78,2021-06-27,SEA,1478.65338844447
79,2021-06-29,SEA,1477.09119083176
80,2021-06-30,SEA,1478.85126389651
81,2021-07-01,SEA,1481.7143362615197
82,2021-07-02,SEA,1482.6951467582098
83,2021-07-03,SEA,1480.13177705358
84,2021-07-04,SEA,1481.62603732664
85,2021-07-06,SEA,1478.46555371621
86,2021-07-07,SEA,1477.33685477644
87,2021-07-08,SEA,1479.52367761151
88,2021-07-09,SEA,1481.47867380541
89,2021-07-10,SEA,1482.8696814422
90,2021-07-11,SEA,1480.0943636054901
0,2021-04-01,OAK,1510.13092949993
1,2021-04-02,OAK,1508.3284530327899
2,2021-04-03,OAK,1505.76169988808
3,2021-04-04,OAK,1503.2962451570902
4,2021-04-05,OAK,1500.9544261783499
5,2021-04-06,OAK,1499.41954025409
6,2021-04-07,OAK,1500.88686083221
7,2021-04-08,OAK,1499.592762876
8,2021-04-09,OAK,1502.12751965439
9,2021-04-10,OAK,1504.73271745799
10,2021-04-12,OAK,1506.53686069295
11,2021-04-13,OAK,1508.0821720384802
12,2021-04-15,OAK,1509.34230308111
13,2021-04-16,OAK,1510.51497849862
14,2021-04-17,OAK,1512.56759130574
15,2021-04-18,OAK,1513.25022772263
16,2021-04-20,OAK,1515.8101000224801
17,2021-04-20,OAK,1516.90875071641
18,2021-04-21,OAK,1517.9591049694102
19,2021-04-23,OAK,1518.9856650574302
20,2021-04-24,OAK,1520.49734024232
21,2021-04-25,OAK,1517.6983617325302
22,2021-04-26,OAK,1518.8837930360598
23,2021-04-27,OAK,1517.9080814663698
24,2021-04-28,OAK,1516.83677956681
25,2021-04-29,OAK,1517.9185785805898
26,2021-04-30,OAK,1516.65843107936
27,2021-05-01,OAK,1513.9642109097301
28,2021-05-02,OAK,1514.7592639392199
29,2021-05-03,OAK,1515.73431462275
30,2021-05-04,OAK,1517.2984058194502
31,2021-05-05,OAK,1514.8263112473198
32,2021-05-06,OAK,1512.6166276362399
33,2021-05-07,OAK,1513.6243809200198
34,2021-05-08,OAK,1515.45862751969
35,2021-05-09,OAK,1514.30429201931
36,2021-05-11,OAK,1515.34233123846
37,2021-05-12,OAK,1517.26878061349
38,2021-05-13,OAK,1514.5439265784698
39,2021-05-14,OAK,1516.8317794182299
40,2021-05-15,OAK,1515.8997013204
41,2021-05-16,OAK,1516.9333132498498
42,2021-05-18,OAK,1518.0385681401401
43,2021-05-19,OAK,1515.50974377553
44,2021-05-20,OAK,1513.5592687378198
45,2021-05-21,OAK,1515.5491387406798
46,2021-05-22,OAK,1517.2692682440197
47,2021-05-23,OAK,1516.2371668406101
48,2021-05-24,OAK,1514.53596292455
49,2021-05-25,OAK,1513.17571001956
50,2021-05-26,OAK,1514.3938117307098
51,2021-05-27,OAK,1515.9235554857098
52,2021-05-28,OAK,1517.1111099192499
53,2021-05-29,OAK,1514.86561080646
54,2021-05-30,OAK,1513.2360674207
55,2021-05-31,OAK,1512.07936639822
56,2021-06-01,OAK,1514.38254167826
57,2021-06-02,OAK,1516.39799933894
58,2021-06-04,OAK,1518.0097654666101
59,2021-06-05,OAK,1519.25017124384
60,2021-06-06,OAK,1517.95024144699
61,2021-06-08,OAK,1518.91379168514
62,2021-06-09,OAK,1520.1898924582401
63,2021-06-10,OAK,1517.5663319304501
64,2021-06-11,OAK,1518.3997661983099
65,2021-06-12,OAK,1520.63731817435
66,2021-06-13,OAK,1521.67814028794
67,2021-06-14,OAK,1523.02276426509
68,2021-06-15,OAK,1524.2762895586902
69,2021-06-16,OAK,1525.96732754611
70,2021-06-18,OAK,1527.4759477670498
71,2021-06-19,OAK,1526.19709482952
72,2021-06-20,OAK,1525.29382855203
73,2021-06-21,OAK,1523.04766848986
74,2021-06-22,OAK,1525.11962431213
75,2021-06-23,OAK,1523.5936238014901
76,2021-06-24,OAK,1524.9706169006301
77,2021-06-25,OAK,1523.54700633483
78,2021-06-26,OAK,1522.5545448555702
79,2021-06-27,OAK,1524.7089318550197
80,2021-06-29,OAK,1523.28941920922
81,2021-06-30,OAK,1524.0976394426502
82,2021-07-01,OAK,1521.05194088425
83,2021-07-02,OAK,1519.99761230294
84,2021-07-03,OAK,1520.93278536508
85,2021-07-04,OAK,1519.8253658408498
86,2021-07-06,OAK,1518.45453987819
87,2021-07-07,OAK,1517.6770437465698
88,2021-07-08,OAK,1519.04501226371
89,2021-07-09,OAK,1517.8681664918802
90,2021-07-10,OAK,1519.4561830914402
91,2021-07-11,OAK,1520.68900040822
0,2021-04-01,TEX,1458.1802075682801
1,2021-04-03,TEX,1456.05717391751
2,2021-04-04,TEX,1458.4058332479199
3,2021-04-05,TEX,1456.6254177043697
4,2021-04-06,TEX,1458.3322626227
5,2021-04-07,TEX,1459.65384102317
6,2021-04-09,TEX,1458.5313810311802
7,2021-04-10,TEX,1457.29852676197
8,2021-04-11,TEX,1456.2042149480098
9,2021-04-12,TEX,1455.5411198102
10,2021-04-13,TEX,1458.61333195889
11,2021-04-14,TEX,1461.23071982793
12,2021-04-15,TEX,1463.21687811781
13,2021-04-16,TEX,1461.1585254862698
14,2021-04-17,TEX,1458.56181665914
15,2021-04-18,TEX,1459.55708812284
16,2021-04-19,TEX,1461.45227313383
17,2021-04-20,TEX,1460.0808800088698
18,2021-04-21,TEX,1462.10612657635
19,2021-04-23,TEX,1460.95673002699
20,2021-04-24,TEX,1460.1875617862602
21,2021-04-25,TEX,1458.56696955542
22,2021-04-26,TEX,1456.6819280448801
23,2021-04-27,TEX,1458.86993270786
24,2021-04-28,TEX,1457.8661659294698
25,2021-04-29,TEX,1459.43369753755
26,2021-04-30,TEX,1457.55004541727
27,2021-05-01,TEX,1459.15710791266
28,2021-05-02,TEX,1460.46019097324
29,2021-05-03,TEX,1459.72834519437
30,2021-05-04,TEX,1461.8168257822101
31,2021-05-05,TEX,1463.3867250439002
32,2021-05-06,TEX,1464.8413230757099
33,2021-05-07,TEX,1463.65617990513
34,2021-05-08,TEX,1464.6247028051098
35,2021-05-09,TEX,1467.33547074416
36,2021-05-10,TEX,1466.11776557656
37,2021-05-11,TEX,1465.01098850092
38,2021-05-13,TEX,1464.3747016192901
39,2021-05-14,TEX,1462.99206740358
40,2021-05-15,TEX,1462.28971649784
41,2021-05-16,TEX,1461.05568752584
42,2021-05-17,TEX,1463.5429049332402
43,2021-05-18,TEX,1462.2884677959698
44,2021-05-19,TEX,1461.36131345987
45,2021-05-20,TEX,1460.3170142748902
46,2021-05-21,TEX,1461.70463521603
47,2021-05-22,TEX,1464.23021336304
48,2021-05-23,TEX,1465.5168324554502
49,2021-05-25,TEX,1463.63928586328
50,2021-05-26,TEX,1462.7595994871601
51,2021-05-27,TEX,1460.6272124020402
52,2021-05-28,TEX,1459.74782606086
53,2021-05-29,TEX,1458.8102313142
54,2021-05-30,TEX,1457.69662644712
55,2021-06-01,TEX,1456.7480609132801
56,2021-06-02,TEX,1455.3192438911701
57,2021-06-03,TEX,1453.22440783825
58,2021-06-04,TEX,1454.45189102092
59,2021-06-05,TEX,1453.48096777876
60,2021-06-06,TEX,1451.51624858822
61,2021-06-08,TEX,1449.7085762904699
62,2021-06-09,TEX,1450.69670060724
63,2021-06-11,TEX,1449.15108936879
64,2021-06-12,TEX,1455.98212857982
65,2021-06-13,TEX,1455.3193374708499
66,2021-06-15,TEX,1454.2615387717199
67,2021-06-16,TEX,1453.3112814505403
68,2021-06-18,TEX,1452.2587351066
69,2021-06-19,TEX,1451.2862924304002
70,2021-06-20,TEX,1450.14134326055
71,2021-06-21,TEX,1452.38750332272
72,2021-06-22,TEX,1450.31554750045
73,2021-06-23,TEX,1451.84154801109
74,2021-06-24,TEX,1450.46455491195
75,2021-06-25,TEX,1452.6236655407902
76,2021-06-26,TEX,1455.0059799941
77,2021-06-27,TEX,1456.62724671827
78,2021-06-29,TEX,1458.0467593640699
79,2021-06-30,TEX,1457.23853913064
80,2021-07-01,TEX,1460.2842376890399
81,2021-07-02,TEX,1459.3034271923498
82,2021-07-03,TEX,1461.86679689698
83,2021-07-04,TEX,1460.37253662392
84,2021-07-05,TEX,1458.3186679911998
85,2021-07-06,TEX,1460.06627973573
86,2021-07-07,TEX,1458.6073467338902
87,2021-07-09,TEX,1459.7841925057198
88,2021-07-10,TEX,1458.19617590616
89,2021-07-11,TEX,1456.9633585893803
0,2021-04-05,NYM,1538.3221903671
1,2021-04-06,NYM,1540.22991662066
2,2021-04-07,NYM,1538.0915236247502
3,2021-04-08,NYM,1538.75315431781
4,2021-04-10,NYM,1536.03773167181
5,2021-04-13,NYM,1536.8947219328602
6,2021-04-13,NYM,1538.72263363272
7,2021-04-14,NYM,1540.67570491402
8,2021-04-17,NYM,1541.20731108694
9,2021-04-17,NYM,1538.9019503212398
10,2021-04-18,NYM,1539.6432981679902
11,2021-04-20,NYM,1538.24648029995
12,2021-04-21,NYM,1534.5112896196301
13,2021-04-22,NYM,1533.46124205757
14,2021-04-23,NYM,1534.9646906241699
15,2021-04-24,NYM,1531.9348837575
16,2021-04-25,NYM,1533.64115871416
17,2021-04-27,NYM,1532.45424085763
18,2021-04-28,NYM,1530.99448099792
19,2021-04-30,NYM,1529.87904666798
20,2021-05-01,NYM,1531.04540798494
21,2021-05-02,NYM,1532.1666821861802
22,2021-05-03,NYM,1531.26693538737
23,2021-05-05,NYM,1532.1076169104501
24,2021-05-05,NYM,1529.63987550053
25,2021-05-06,NYM,1533.83826896409
26,2021-05-07,NYM,1534.8334445284197
27,2021-05-08,NYM,1536.05916611599
28,2021-05-09,NYM,1536.7733978308402
29,2021-05-11,NYM,1537.5717222532098
30,2021-05-12,NYM,1538.95537629745
31,2021-05-14,NYM,1538.1463671764002
32,2021-05-15,NYM,1535.83128759056
33,2021-05-16,NYM,1533.5542502051599
34,2021-05-17,NYM,1534.98786053369
35,2021-05-18,NYM,1536.1000702174697
36,2021-05-19,NYM,1535.2115488139902
37,2021-05-21,NYM,1536.1110766521201
38,2021-05-22,NYM,1534.7394706978303
39,2021-05-23,NYM,1532.73740996397
40,2021-05-24,NYM,1531.32796573028
41,2021-05-25,NYM,1531.92242423722
42,2021-05-27,NYM,1533.62100515008
43,2021-05-27,NYM,1532.6513632718302
44,2021-05-29,NYM,1537.04742780625
45,2021-05-31,NYM,1538.42935498423
46,2021-06-01,NYM,1537.21667020734
47,2021-06-02,NYM,1538.18944446297
48,2021-06-03,NYM,1537.41167933145
49,2021-06-04,NYM,1536.3601563345098
50,2021-06-05,NYM,1538.47203041399
51,2021-06-06,NYM,1540.7363310999401
52,2021-06-08,NYM,1537.4884073706303
53,2021-06-09,NYM,1540.11475595291
54,2021-06-11,NYM,1540.9243625510599
55,2021-06-12,NYM,1542.6656136803601
56,2021-06-13,NYM,1540.7120959455701
57,2021-06-14,NYM,1542.27232578948
58,2021-06-15,NYM,1543.17790545781
59,2021-06-16,NYM,1544.21326036969
60,2021-06-17,NYM,1542.69855644181
61,2021-06-18,NYM,1541.67254262637
62,2021-06-19,NYM,1543.7551247301099
63,2021-06-19,NYM,1541.9523827021499
64,2021-06-20,NYM,1540.1190600253199
65,2021-06-21,NYM,1539.87987249621
66,2021-06-21,NYM,1540.89778564518
67,2021-06-22,NYM,1538.0331004402601
68,2021-06-23,NYM,1539.74261116866
69,2021-06-25,NYM,1539.25701014586
70,2021-06-25,NYM,1540.61176986641
71,2021-06-26,NYM,1539.84103664704
72,2021-06-27,NYM,1538.38161130767
73,2021-06-28,NYM,1536.50854160257
74,2021-06-29,NYM,1537.7854745439301
75,2021-06-30,NYM,1533.40328734624
76,2021-07-01,NYM,1532.25948216975
77,2021-07-03,NYM,1534.76017668323
78,2021-07-04,NYM,1537.58966170156
79,2021-07-04,NYM,1536.31527648763
80,2021-07-05,NYM,1537.9262499197598
81,2021-07-07,NYM,1538.73554691288
82,2021-07-07,NYM,1536.3874698110299
83,2021-07-09,NYM,1538.17026249992
84,2021-07-10,NYM,1535.38400784918
85,2021-07-10,NYM,1536.3131438312
86,2021-07-11,NYM,1534.8297012909802
0,2021-04-01,ATL,1532.55762135811
1,2021-04-03,ATL,1530.62774771767
2,2021-04-04,ATL,1529.54137152457
3,2021-04-06,ATL,1528.69792317884
4,2021-04-07,ATL,1529.70346819953
5,2021-04-07,ATL,1531.51233129966
6,2021-04-09,ATL,1533.9045801552697
7,2021-04-10,ATL,1534.7172976486402
8,2021-04-11,ATL,1533.4271920820402
9,2021-04-12,ATL,1531.7957351123098
10,2021-04-13,ATL,1528.6585569144
11,2021-04-14,ATL,1527.17331521773
12,2021-04-15,ATL,1527.8613749861
13,2021-04-16,ATL,1529.7764942205702
14,2021-04-17,ATL,1526.4021918128199
15,2021-04-18,ATL,1530.1131860537803
16,2021-04-20,ATL,1528.93597637686
17,2021-04-21,ATL,1530.8118191712301
18,2021-04-23,ATL,1531.70501244507
19,2021-04-25,ATL,1529.41136303879
20,2021-04-25,ATL,1526.16270432556
21,2021-04-26,ATL,1526.91395582896
22,2021-04-27,ATL,1528.50957147508
23,2021-04-28,ATL,1531.7644981692301
24,2021-04-29,ATL,1529.01664658542
25,2021-04-30,ATL,1526.5236630235502
26,2021-05-01,ATL,1525.47758750384
27,2021-05-02,ATL,1523.21716234838
28,2021-05-04,ATL,1525.593075662
29,2021-05-05,ATL,1526.99514077335
30,2021-05-06,ATL,1528.12234815147
31,2021-05-07,ATL,1523.91657936019
32,2021-05-08,ATL,1524.6589769407
33,2021-05-09,ATL,1526.78662447398
34,2021-05-11,ATL,1525.46344411523
35,2021-05-12,ATL,1523.92430232763
36,2021-05-13,ATL,1521.7173983015198
37,2021-05-14,ATL,1523.57172114464
38,2021-05-15,ATL,1525.4542466454002
39,2021-05-16,ATL,1524.40851870103
40,2021-05-17,ATL,1522.9749083725
41,2021-05-18,ATL,1521.8626986887198
42,2021-05-19,ATL,1522.7512200922
43,2021-05-20,ATL,1520.8443136855499
44,2021-05-21,ATL,1524.0379678389802
45,2021-05-22,ATL,1525.47408796737
46,2021-05-23,ATL,1527.0553514181
47,2021-05-25,ATL,1528.37054246156
48,2021-05-26,ATL,1526.67592975371
49,2021-05-29,ATL,1523.24950709754
50,2021-05-31,ATL,1524.2474989422
51,2021-06-01,ATL,1521.8891253820498
52,2021-06-02,ATL,1520.32893759164
53,2021-06-03,ATL,1522.1501096060401
54,2021-06-04,ATL,1520.3803448157598
55,2021-06-05,ATL,1521.98261783469
56,2021-06-06,ATL,1523.73382930764
57,2021-06-08,ATL,1526.0287439939002
58,2021-06-09,ATL,1525.05305150565
59,2021-06-10,ATL,1524.11776265823
60,2021-06-11,ATL,1522.94343252885
61,2021-06-12,ATL,1521.2990846272198
62,2021-06-13,ATL,1522.79193606839
63,2021-06-15,ATL,1521.37109984057
64,2021-06-16,ATL,1519.7733294393302
65,2021-06-17,ATL,1521.25088451883
66,2021-06-18,ATL,1523.56991163443
67,2021-06-20,ATL,1520.47348637232
68,2021-06-20,ATL,1521.4252038859802
69,2021-06-21,ATL,1521.66439141509
70,2021-06-21,ATL,1520.64647826612
71,2021-06-22,ATL,1523.51116347104
72,2021-06-23,ATL,1521.80165274264
73,2021-06-24,ATL,1520.47537162141
74,2021-06-25,ATL,1521.5348927398902
75,2021-06-26,ATL,1519.78719094806
76,2021-06-27,ATL,1521.9882168417498
77,2021-06-29,ATL,1520.71128390039
78,2021-06-30,ATL,1525.09347109808
79,2021-07-01,ATL,1526.23727627457
80,2021-07-02,ATL,1527.1192821304198
81,2021-07-03,ATL,1525.91813659251
82,2021-07-04,ATL,1526.61647956888
83,2021-07-05,ATL,1522.05377459545
84,2021-07-06,ATL,1520.6473959023301
85,2021-07-07,ATL,1523.28159360775
86,2021-07-09,ATL,1525.0755212438098
87,2021-07-10,ATL,1526.17571707786
88,2021-07-11,ATL,1524.3154028593399
0,2021-04-01,FLA,1462.80215258203
1,2021-04-02,FLA,1461.62771012823
2,2021-04-03,FLA,1464.4513480781197
3,2021-04-05,FLA,1462.8256392185401
4,2021-04-06,FLA,1461.37270681278
5,2021-04-07,FLA,1458.9714073734601
6,2021-04-08,FLA,1458.3097766804
7,2021-04-10,FLA,1461.0251993264
8,2021-04-12,FLA,1462.65665629613
9,2021-04-13,FLA,1465.7938344940399
10,2021-04-14,FLA,1467.27907619071
11,2021-04-15,FLA,1466.59101642234
12,2021-04-16,FLA,1468.3816000189001
13,2021-04-17,FLA,1469.31247384329
14,2021-04-18,FLA,1468.1388030550102
15,2021-04-20,FLA,1466.42975868913
16,2021-04-21,FLA,1467.81205176778
17,2021-04-22,FLA,1466.36739487164
18,2021-04-23,FLA,1465.0735772023402
19,2021-04-24,FLA,1467.1225982354501
20,2021-04-25,FLA,1466.24195191784
21,2021-04-26,FLA,1470.4316180893697
22,2021-04-27,FLA,1469.61132877725
23,2021-04-28,FLA,1471.70153572078
24,2021-04-30,FLA,1470.7715347538401
25,2021-05-01,FLA,1469.0843520418803
26,2021-05-02,FLA,1468.13575166036
27,2021-05-04,FLA,1470.38844661447
28,2021-05-05,FLA,1473.55589636075
29,2021-05-06,FLA,1474.8659279607
30,2021-05-07,FLA,1477.07011762129
31,2021-05-08,FLA,1475.19184367844
32,2021-05-09,FLA,1474.06495363172
33,2021-05-10,FLA,1472.6748621378301
34,2021-05-11,FLA,1470.03603147294
35,2021-05-12,FLA,1471.21594754742
36,2021-05-13,FLA,1473.33539122344
37,2021-05-14,FLA,1472.42951305255
38,2021-05-15,FLA,1471.3759843744501
39,2021-05-16,FLA,1472.9393626061599
40,2021-05-18,FLA,1471.4886957730898
41,2021-05-19,FLA,1473.07287195368
42,2021-05-20,FLA,1475.7798565540697
43,2021-05-21,FLA,1474.8803287159399
44,2021-05-22,FLA,1476.2519346702302
45,2021-05-23,FLA,1478.25399540409
46,2021-05-24,FLA,1479.8159342511099
47,2021-05-25,FLA,1478.25034405853
48,2021-05-26,FLA,1479.91221504452
49,2021-05-27,FLA,1478.6577857466102
50,2021-05-28,FLA,1477.3930917643802
51,2021-05-29,FLA,1476.33885795289
52,2021-06-01,FLA,1474.86979303118
53,2021-06-02,FLA,1474.10193674432
54,2021-06-03,FLA,1472.69496757629
55,2021-06-04,FLA,1469.71587849606
56,2021-06-05,FLA,1468.4608156495099
57,2021-06-06,FLA,1469.72649075617
58,2021-06-07,FLA,1468.86759146862
59,2021-06-08,FLA,1470.43131269431
60,2021-06-09,FLA,1469.26025180625
61,2021-06-10,FLA,1471.14885363892
62,2021-06-11,FLA,1472.3231837683
63,2021-06-12,FLA,1473.9675316699302
64,2021-06-13,FLA,1472.47468022876
65,2021-06-14,FLA,1471.53706786112
66,2021-06-15,FLA,1470.60076543936
67,2021-06-16,FLA,1469.5897527334698
68,2021-06-18,FLA,1473.5842321715
69,2021-06-19,FLA,1477.55779503207
70,2021-06-20,FLA,1476.5751401895402
71,2021-06-22,FLA,1475.50612792681
72,2021-06-23,FLA,1474.19235890668
73,2021-06-24,FLA,1472.3219706743398
74,2021-06-25,FLA,1475.3167610312698
75,2021-06-26,FLA,1476.4450405714801
76,2021-06-27,FLA,1474.6996417796802
77,2021-06-29,FLA,1473.69725190974
78,2021-06-30,FLA,1476.6877229839001
79,2021-07-02,FLA,1475.80571712805
80,2021-07-03,FLA,1477.0068626659602
81,2021-07-04,FLA,1476.3085196895902
82,2021-07-05,FLA,1477.7679656801902
83,2021-07-06,FLA,1479.1329522045999
84,2021-07-07,FLA,1481.3827864690302
85,2021-07-08,FLA,1479.61378504719
86,2021-07-09,FLA,1477.81985741113
87,2021-07-10,FLA,1476.7196615770802
88,2021-07-11,FLA,1478.5799757956
0,2021-04-01,PHI,1507.14385569926
1,2021-04-03,PHI,1509.0737293397
2,2021-04-04,PHI,1510.1601055328
3,2021-04-05,PHI,1511.9367869481
4,2021-04-06,PHI,1510.02906069454
5,2021-04-07,PHI,1512.1674536904502
6,2021-04-09,PHI,1509.77520483484
7,2021-04-10,PHI,1508.96248734147
8,2021-04-11,PHI,1510.25259290807
9,2021-04-13,PHI,1507.5676909471601
10,2021-04-13,PHI,1509.39560264702
11,2021-04-14,PHI,1505.61461966586
12,2021-04-16,PHI,1507.91627983115
13,2021-04-17,PHI,1505.7659372889002
14,2021-04-18,PHI,1506.85888500307
15,2021-04-19,PHI,1505.3625773947101
16,2021-04-20,PHI,1503.2013212487198
17,2021-04-21,PHI,1504.1209636918302
18,2021-04-23,PHI,1503.13155925955
19,2021-04-24,PHI,1504.0311655818803
20,2021-04-25,PHI,1500.60036590117
21,2021-04-26,PHI,1501.70395158435
22,2021-04-27,PHI,1500.08194799999
23,2021-04-28,PHI,1501.58111379543
24,2021-04-29,PHI,1500.5236384337697
25,2021-04-30,PHI,1501.63907276371
26,2021-05-01,PHI,1500.4727114467498
27,2021-05-02,PHI,1499.35143724551
28,2021-05-03,PHI,1500.3871954046801
29,2021-05-04,PHI,1501.19663926861
30,2021-05-05,PHI,1502.2531043312301
31,2021-05-06,PHI,1503.67262769431
32,2021-05-07,PHI,1507.87839648559
33,2021-05-08,PHI,1507.13599890508
34,2021-05-09,PHI,1505.0083513718
35,2021-05-11,PHI,1507.1687085166
36,2021-05-12,PHI,1508.74998762806
37,2021-05-13,PHI,1506.8457421476098
38,2021-05-14,PHI,1509.1696394294102
39,2021-05-15,PHI,1507.3151807350303
40,2021-05-16,PHI,1506.3073340804099
41,2021-05-18,PHI,1507.7580009134801
42,2021-05-19,PHI,1506.1738247328901
43,2021-05-20,PHI,1503.4668401325
44,2021-05-21,PHI,1500.0083710409801
45,2021-05-22,PHI,1499.06944012618
46,2021-05-23,PHI,1500.8610154756698
47,2021-05-24,PHI,1499.2990766286498
48,2021-05-25,PHI,1500.8646668212302
49,2021-05-26,PHI,1499.20279583524
50,2021-05-27,PHI,1500.4572251331501
51,2021-05-29,PHI,1499.18627674713
52,2021-05-30,PHI,1497.74998825898
53,2021-05-31,PHI,1494.68967067611
54,2021-06-01,PHI,1499.25091809638
55,2021-06-04,PHI,1498.1410582841
56,2021-06-05,PHI,1499.7783832737803
57,2021-06-06,PHI,1502.04274752953
58,2021-06-08,PHI,1499.7478328432699
59,2021-06-09,PHI,1500.7235253315198
60,2021-06-10,PHI,1501.65881417894
61,2021-06-12,PHI,1502.81292900268
62,2021-06-13,PHI,1505.5397229877601
63,2021-06-14,PHI,1504.72446426214
64,2021-06-15,PHI,1503.8299303648098
65,2021-06-16,PHI,1505.69551222569
66,2021-06-18,PHI,1504.4966390094
67,2021-06-19,PHI,1507.37734149159
68,2021-06-20,PHI,1504.42481089868
69,2021-06-22,PHI,1503.2983330157099
70,2021-06-23,PHI,1502.2216742997598
71,2021-06-25,PHI,1502.7072753225598
72,2021-06-25,PHI,1501.3525156020098
73,2021-06-26,PHI,1502.12324882138
74,2021-06-27,PHI,1503.5826741607502
75,2021-06-28,PHI,1501.15212470184
76,2021-06-29,PHI,1502.15451457178
77,2021-06-30,PHI,1499.16404349762
78,2021-07-02,PHI,1500.09352470274
79,2021-07-03,PHI,1501.8937547689802
80,2021-07-04,PHI,1498.9920558087301
81,2021-07-05,PHI,1503.4442840101099
82,2021-07-06,PHI,1505.56775336866
83,2021-07-07,PHI,1503.17314773912
84,2021-07-08,PHI,1506.51811101417
85,2021-07-09,PHI,1504.4831738273099
86,2021-07-10,PHI,1508.5314094671699
87,2021-07-11,PHI,1509.8078053288598
0,2021-04-06,WSN,1521.02791401002
1,2021-04-07,WSN,1520.02236898933
2,2021-04-07,WSN,1518.2135058892002
3,2021-04-09,WSN,1517.6004996545498
4,2021-04-10,WSN,1516.2570704586801
5,2021-04-11,WSN,1515.10073423802
6,2021-04-12,WSN,1517.07742948248
7,2021-04-13,WSN,1513.5266584759802
8,2021-04-14,WSN,1516.24197614124
9,2021-04-15,WSN,1513.656416481
10,2021-04-16,WSN,1514.39724140957
11,2021-04-17,WSN,1516.27130766406
12,2021-04-18,WSN,1514.32473077958
13,2021-04-19,WSN,1511.57946714959
14,2021-04-20,WSN,1512.5851150363299
15,2021-04-21,WSN,1513.32010587513
16,2021-04-23,WSN,1511.81665730853
17,2021-04-24,WSN,1514.8464641751998
18,2021-04-25,WSN,1513.14018921854
19,2021-04-27,WSN,1511.12803110169
20,2021-04-28,WSN,1514.0830348450597
21,2021-04-30,WSN,1515.0130358120002
22,2021-05-01,WSN,1516.7002185239598
23,2021-05-02,WSN,1517.64881890548
24,2021-05-04,WSN,1515.27290559186
25,2021-05-05,WSN,1513.87084048051
26,2021-05-06,WSN,1512.74363310239
27,2021-05-07,WSN,1516.25222858697
28,2021-05-08,WSN,1515.3358351134302
29,2021-05-09,WSN,1514.5376995693
30,2021-05-11,WSN,1512.3773424245
31,2021-05-12,WSN,1510.7960633130401
32,2021-05-13,WSN,1512.70030879349
33,2021-05-14,WSN,1516.2585885489902
34,2021-05-15,WSN,1513.4950150062302
35,2021-05-16,WSN,1515.2419787854801
36,2021-05-17,WSN,1513.59965838244
37,2021-05-18,WSN,1512.0856555814498
38,2021-05-19,WSN,1513.0405927229199
39,2021-05-20,WSN,1511.43269794706
40,2021-05-21,WSN,1512.1716869566199
41,2021-05-22,WSN,1513.3053852129801
42,2021-05-23,WSN,1513.9488012357801
43,2021-05-25,WSN,1512.52994065322
44,2021-05-26,WSN,1513.7099107808801
45,2021-05-27,WSN,1511.68981472751
46,2021-05-29,WSN,1507.78089348602
47,2021-05-29,WSN,1509.8975686688098
48,2021-05-30,WSN,1505.9989076368802
49,2021-05-31,WSN,1505.0009157922198
50,2021-06-01,WSN,1507.35928935237
51,2021-06-02,WSN,1508.9194771427801
52,2021-06-03,WSN,1507.0983051283802
53,2021-06-04,WSN,1508.20816494066
54,2021-06-05,WSN,1506.5708399509801
55,2021-06-06,WSN,1504.3064756952301
56,2021-06-08,WSN,1503.50595190178
57,2021-06-09,WSN,1505.3162183338502
58,2021-06-11,WSN,1504.01402203487
59,2021-06-12,WSN,1504.51680633447
60,2021-06-12,WSN,1505.6261056772303
61,2021-06-13,WSN,1506.69591720099
62,2021-06-14,WSN,1507.51799367077
63,2021-06-15,WSN,1509.5108634611902
64,2021-06-16,WSN,1510.4308086952801
65,2021-06-18,WSN,1511.4568225107198
66,2021-06-19,WSN,1511.17698243494
67,2021-06-19,WSN,1509.3742404069799
68,2021-06-20,WSN,1513.01030511177
69,2021-06-22,WSN,1514.13678299474
70,2021-06-23,WSN,1515.21344171069
71,2021-06-24,WSN,1517.0838299430302
72,2021-06-25,WSN,1514.0890395861
73,2021-06-26,WSN,1512.9607600458899
74,2021-06-27,WSN,1514.70615883769
75,2021-06-28,WSN,1516.57922854279
76,2021-06-29,WSN,1517.7749482174697
77,2021-06-30,WSN,1521.19654623103
78,2021-07-01,WSN,1519.35976324647
79,2021-07-02,WSN,1517.0703209651901
80,2021-07-03,WSN,1516.09647305255
81,2021-07-04,WSN,1514.31188944517
82,2021-07-05,WSN,1516.3829713985199
83,2021-07-06,WSN,1515.0657701999498
84,2021-07-07,WSN,1519.32985406627
85,2021-07-08,WSN,1518.4367859193899
86,2021-07-09,WSN,1517.2211899604401
87,2021-07-10,WSN,1515.44280999345
88,2021-07-11,WSN,1514.4775933054502
0,2021-04-01,MIL,1518.71055991268
1,2021-04-03,MIL,1517.2003907577403
2,2021-04-04,MIL,1514.8054690382098
3,2021-04-05,MIL,1513.40137800435
4,2021-04-06,MIL,1515.54846766091
5,2021-04-07,MIL,1517.00203764692
6,2021-04-08,MIL,1515.58527988423
7,2021-04-10,MIL,1517.6475287634698
8,2021-04-11,MIL,1520.26060527172
9,2021-04-12,MIL,1521.7234968530802
10,2021-04-13,MIL,1520.34896094867
11,2021-04-14,MIL,1522.3651954190302
12,2021-04-16,MIL,1519.3895881101998
13,2021-04-17,MIL,1521.03558944647
14,2021-04-18,MIL,1519.5554276746
15,2021-04-19,MIL,1521.2254462043697
16,2021-04-20,MIL,1523.7779225773902
17,2021-04-21,MIL,1525.675413898
18,2021-04-23,MIL,1522.1869578250303
19,2021-04-24,MIL,1523.2981178160198
20,2021-04-25,MIL,1525.50769569353
21,2021-04-26,MIL,1521.3180295220002
22,2021-04-27,MIL,1522.13831883412
23,2021-04-28,MIL,1520.04811189059
24,2021-04-29,MIL,1521.55567571995
25,2021-04-30,MIL,1523.0788576310902
26,2021-05-01,MIL,1524.11224733194
27,2021-05-02,MIL,1521.0765160925303
28,2021-05-03,MIL,1520.04075793336
29,2021-05-04,MIL,1519.23131406943
30,2021-05-05,MIL,1518.17484900681
31,2021-05-06,MIL,1516.7553256437302
32,2021-05-07,MIL,1514.55113598314
33,2021-05-08,MIL,1516.42940992599
34,2021-05-09,MIL,1517.55629997271
35,2021-05-11,MIL,1515.1617622942902
36,2021-05-12,MIL,1516.41598902942
37,2021-05-13,MIL,1514.88502007482
38,2021-05-14,MIL,1513.0306972317
39,2021-05-15,MIL,1511.14817173094
40,2021-05-16,MIL,1512.1938996753101
41,2021-05-18,MIL,1510.5199666906199
42,2021-05-19,MIL,1508.97935337221
43,2021-05-21,MIL,1506.81554303035
44,2021-05-22,MIL,1508.0364240940398
45,2021-05-23,MIL,1510.2620199322698
46,2021-05-24,MIL,1511.6158038859803
47,2021-05-25,MIL,1509.21271979893
48,2021-05-26,MIL,1508.32364479677
49,2021-05-27,MIL,1509.57131360219
50,2021-05-29,MIL,1513.4802348436801
51,2021-05-29,MIL,1511.36355966089
52,2021-05-30,MIL,1515.26222069282
53,2021-05-31,MIL,1515.82944655852
54,2021-06-01,MIL,1513.7688651340197
55,2021-06-03,MIL,1515.07577229505
56,2021-06-04,MIL,1516.48901551242
57,2021-06-05,MIL,1517.3473133931698
58,2021-06-06,MIL,1518.20083594633
59,2021-06-08,MIL,1520.46010507103
60,2021-06-09,MIL,1518.566037516
61,2021-06-10,MIL,1520.65041222536
62,2021-06-11,MIL,1521.32362310148
63,2021-06-12,MIL,1522.1347141969102
64,2021-06-13,MIL,1523.09447278572
65,2021-06-14,MIL,1519.89809261856
66,2021-06-15,MIL,1518.74428594496
67,2021-06-16,MIL,1517.50079111182
68,2021-06-17,MIL,1515.2229209378102
69,2021-06-18,MIL,1513.92345244169
70,2021-06-19,MIL,1514.9251738404598
71,2021-06-20,MIL,1515.85060886935
72,2021-06-21,MIL,1513.88032806198
73,2021-06-22,MIL,1515.9467356747698
74,2021-06-23,MIL,1516.6743294835599
75,2021-06-25,MIL,1517.30854735943
76,2021-06-26,MIL,1519.13601635121
77,2021-06-27,MIL,1520.6966854023499
78,2021-06-28,MIL,1523.80879237443
79,2021-06-29,MIL,1524.6273310282502
80,2021-06-30,MIL,1527.3333235034302
81,2021-07-01,MIL,1528.56442428101
82,2021-07-02,MIL,1530.53977115327
83,2021-07-03,MIL,1533.1875526536999
84,2021-07-04,MIL,1531.3176756484802
85,2021-07-05,MIL,1529.70670221635
86,2021-07-07,MIL,1528.89740522323
87,2021-07-07,MIL,1531.24548232508
88,2021-07-08,MIL,1532.54907715361
89,2021-07-09,MIL,1531.04920757199
90,2021-07-10,MIL,1529.6326182343398
91,2021-07-11,MIL,1527.81744695961
0,2021-04-01,CIN,1500.49166398542
1,2021-04-03,CIN,1502.11263634879
2,2021-04-04,CIN,1505.4974630412803
3,2021-04-05,CIN,1506.47540648033
4,2021-04-06,CIN,1509.32014496484
5,2021-04-07,CIN,1510.9051270721302
6,2021-04-09,CIN,1511.92914634591
7,2021-04-10,CIN,1509.7934036287
8,2021-04-11,CIN,1507.28584991131
9,2021-04-12,CIN,1509.03037426326
10,2021-04-13,CIN,1507.9467962331
11,2021-04-14,CIN,1506.26936093104
12,2021-04-16,CIN,1508.71537983915
13,2021-04-17,CIN,1509.53181313654
14,2021-04-18,CIN,1508.06991174642
15,2021-04-20,CIN,1506.9286420719
16,2021-04-21,CIN,1505.00397351854
17,2021-04-22,CIN,1503.2259245014002
18,2021-04-23,CIN,1502.1895254493302
19,2021-04-24,CIN,1500.95475959789
20,2021-04-25,CIN,1499.54428738739
21,2021-04-26,CIN,1501.5560080720402
22,2021-04-27,CIN,1503.30204745715
23,2021-04-28,CIN,1501.4753285251002
24,2021-04-30,CIN,1502.7811175678698
25,2021-05-01,CIN,1501.59659290737
26,2021-05-02,CIN,1502.4507439206197
27,2021-05-04,CIN,1499.13789152984
28,2021-05-05,CIN,1500.05808286246
29,2021-05-07,CIN,1502.04291193129
30,2021-05-08,CIN,1499.70290634114
31,2021-05-10,CIN,1502.9909859921697
32,2021-05-11,CIN,1500.68254015268
33,2021-05-12,CIN,1502.16496503971
34,2021-05-13,CIN,1499.62477971268
35,2021-05-14,CIN,1497.98828517272
36,2021-05-15,CIN,1498.80289953021
37,2021-05-16,CIN,1499.7602292241502
38,2021-05-17,CIN,1497.6792844964498
39,2021-05-18,CIN,1496.23755680912
40,2021-05-19,CIN,1494.32860457206
41,2021-05-20,CIN,1489.3279499278199
42,2021-05-21,CIN,1491.49176026968
43,2021-05-22,CIN,1490.27087920599
44,2021-05-23,CIN,1488.0452833677698
45,2021-05-25,CIN,1489.4641439503303
46,2021-05-26,CIN,1488.28417382267
47,2021-05-27,CIN,1490.30426987604
48,2021-05-28,CIN,1489.5486435885998
49,2021-05-29,CIN,1487.18342581331
50,2021-05-30,CIN,1489.45498912297
51,2021-05-31,CIN,1492.5153067058402
52,2021-06-01,CIN,1487.95405928557
53,2021-06-03,CIN,1489.61955986921
54,2021-06-04,CIN,1491.2236201515698
55,2021-06-05,CIN,1492.88088135004
56,2021-06-06,CIN,1494.0675133085902
57,2021-06-08,CIN,1491.80824418389
58,2021-06-09,CIN,1493.70231173892
59,2021-06-10,CIN,1491.61793702956
60,2021-06-11,CIN,1493.21929551827
61,2021-06-12,CIN,1495.5013360970802
62,2021-06-13,CIN,1497.0514694602
63,2021-06-14,CIN,1500.24784962736
64,2021-06-15,CIN,1501.40165630096
65,2021-06-16,CIN,1502.6451511341
66,2021-06-17,CIN,1501.6714854847698
67,2021-06-18,CIN,1499.8959035344199
68,2021-06-19,CIN,1498.7778821622198
69,2021-06-20,CIN,1498.02496223885
70,2021-06-21,CIN,1496.7596922785099
71,2021-06-22,CIN,1498.51936515025
72,2021-06-24,CIN,1499.84564627148
73,2021-06-25,CIN,1498.7861251529998
74,2021-06-26,CIN,1500.53382694483
75,2021-06-27,CIN,1498.3328010511402
76,2021-06-28,CIN,1500.76335051005
77,2021-06-29,CIN,1499.8428051691599
78,2021-06-30,CIN,1498.82888028969
79,2021-07-01,CIN,1499.9349758083
80,2021-07-02,CIN,1500.86124446712
81,2021-07-03,CIN,1501.82129268639
82,2021-07-04,CIN,1502.85450651057
83,2021-07-05,CIN,1504.88665055698
84,2021-07-06,CIN,1503.6893530081302
85,2021-07-07,CIN,1505.09441781175
86,2021-07-08,CIN,1503.7908229832199
87,2021-07-09,CIN,1505.2906925648401
88,2021-07-10,CIN,1506.70728190249
89,2021-07-11,CIN,1508.5224531772199
0,2021-04-01,STL,1505.42108446535
1,2021-04-03,STL,1503.80011210198
2,2021-04-04,STL,1500.41528540949
3,2021-04-05,STL,1502.0409942690699
4,2021-04-06,STL,1503.49392667483
5,2021-04-07,STL,1505.89522611415
6,2021-04-08,STL,1507.3119838768398
7,2021-04-10,STL,1505.2497349976002
8,2021-04-11,STL,1502.6366584893499
9,2021-04-12,STL,1500.6599632448902
10,2021-04-13,STL,1504.21073425139
11,2021-04-14,STL,1501.49541658613
12,2021-04-16,STL,1499.1937564208401
13,2021-04-17,STL,1501.34409896309
14,2021-04-18,STL,1500.25115124892
15,2021-04-19,STL,1502.99641487891
16,2021-04-20,STL,1501.9907669921697
17,2021-04-21,STL,1501.25577615337
18,2021-04-23,STL,1502.2921752054401
19,2021-04-24,STL,1503.52694105688
20,2021-04-25,STL,1504.9374132673802
21,2021-04-26,STL,1503.8338275842002
22,2021-04-27,STL,1505.4558311685598
23,2021-04-28,STL,1503.95666537312
24,2021-04-29,STL,1505.0141407347799
25,2021-04-30,STL,1506.9356864492001
26,2021-05-01,STL,1508.9606339925
27,2021-05-02,STL,1510.3389210484197
28,2021-05-03,STL,1511.2386678472303
29,2021-05-05,STL,1510.39798632415
30,2021-05-05,STL,1512.8657277340699
31,2021-05-06,STL,1508.6673342705099
32,2021-05-07,STL,1509.9274865011903
33,2021-05-08,STL,1510.60361823075
34,2021-05-09,STL,1511.60887038543
35,2021-05-11,STL,1514.0034080638502
36,2021-05-12,STL,1512.7491813287197
37,2021-05-13,STL,1514.28015028332
38,2021-05-14,STL,1513.5660247280402
39,2021-05-15,STL,1510.5808243057502
40,2021-05-16,STL,1509.4193668937698
41,2021-05-18,STL,1510.63225191361
42,2021-05-19,STL,1511.49656590742
43,2021-05-21,STL,1508.29669573669
44,2021-05-22,STL,1509.2581774854502
45,2021-05-23,STL,1508.13398455477
46,2021-05-24,STL,1506.69519553676
47,2021-05-25,STL,1504.7402800285902
48,2021-05-26,STL,1507.0952697709101
49,2021-05-27,STL,1508.07864325482
50,2021-05-28,STL,1509.54196418802
51,2021-05-29,STL,1510.96575793549
52,2021-05-30,STL,1507.96105558626
53,2021-05-31,STL,1506.5780620486498
54,2021-06-01,STL,1508.1041525565802
55,2021-06-02,STL,1506.06335675254
56,2021-06-03,STL,1504.3978561689
57,2021-06-04,STL,1502.79379588654
58,2021-06-05,STL,1501.13653468807
59,2021-06-06,STL,1499.9499027295199
60,2021-06-08,STL,1497.23322864344
61,2021-06-09,STL,1499.39308462627
62,2021-06-11,STL,1498.0527643717498
63,2021-06-12,STL,1496.35806891106
64,2021-06-13,STL,1495.34090596365
65,2021-06-14,STL,1496.27851833129
66,2021-06-15,STL,1497.21482075305
67,2021-06-16,STL,1498.22583345894
68,2021-06-17,STL,1496.74827837944
69,2021-06-18,STL,1494.4292512638401
70,2021-06-20,STL,1497.52567652595
71,2021-06-20,STL,1496.57395901229
72,2021-06-22,STL,1494.08453514914
73,2021-06-23,STL,1492.06357407497
74,2021-06-24,STL,1488.9191629695401
75,2021-06-25,STL,1487.4596166279
76,2021-06-26,STL,1488.4374507038
77,2021-06-27,STL,1485.7630174467001
78,2021-06-28,STL,1487.92775919838
79,2021-06-29,STL,1488.83873755759
80,2021-06-30,STL,1490.0102862659699
81,2021-07-01,STL,1488.21650805564
82,2021-07-02,STL,1490.44554142498
83,2021-07-03,STL,1489.36411901078
84,2021-07-04,STL,1488.46902424389
85,2021-07-05,STL,1490.38315627207
86,2021-07-06,STL,1491.5422299806303
87,2021-07-07,STL,1490.3011055675101
88,2021-07-09,STL,1488.72925956186
89,2021-07-10,STL,1491.5568438119699
0,2021-04-01,CHC,1504.17874377156
1,2021-04-03,CHC,1505.5895161146698
2,2021-04-04,CHC,1506.2387827499401
3,2021-04-05,CHC,1507.6428737838
4,2021-04-06,CHC,1505.49578412724
5,2021-04-07,CHC,1504.0422141412303
6,2021-04-08,CHC,1505.25694291734
7,2021-04-10,CHC,1502.16881077073
8,2021-04-11,CHC,1499.4454458015803
9,2021-04-12,CHC,1497.98255422022
10,2021-04-13,CHC,1499.35709012463
11,2021-04-14,CHC,1497.34085565427
12,2021-04-16,CHC,1495.4257364198002
13,2021-04-17,CHC,1498.80003882755
14,2021-04-18,CHC,1495.08904458659
15,2021-04-20,CHC,1496.48586245463
16,2021-04-21,CHC,1500.22105313495
17,2021-04-22,CHC,1501.2711006970098
18,2021-04-23,CHC,1504.7595567699802
19,2021-04-24,CHC,1503.6483967789902
20,2021-04-25,CHC,1501.43881890148
21,2021-04-26,CHC,1500.68756739808
22,2021-04-27,CHC,1499.0919517519599
23,2021-04-28,CHC,1495.83702505781
24,2021-04-29,CHC,1498.58487664162
25,2021-04-30,CHC,1497.27908759885
26,2021-05-01,CHC,1498.46361225935
27,2021-05-02,CHC,1497.6094612461
28,2021-05-04,CHC,1502.17224952795
29,2021-05-04,CHC,1500.73698585702
30,2021-05-05,CHC,1503.47056357492
31,2021-05-07,CHC,1504.1660027255402
32,2021-05-08,CHC,1504.8806676823401
33,2021-05-09,CHC,1503.4606798534198
34,2021-05-11,CHC,1502.7139416223001
35,2021-05-12,CHC,1501.7450553487301
36,2021-05-14,CHC,1502.78939541108
37,2021-05-15,CHC,1501.7086403243802
38,2021-05-16,CHC,1503.32280595916
39,2021-05-17,CHC,1504.9651263622
40,2021-05-18,CHC,1506.47912916319
41,2021-05-19,CHC,1505.52419202172
42,2021-05-20,CHC,1507.1320867975799
43,2021-05-21,CHC,1510.33195696831
44,2021-05-22,CHC,1509.37047521955
45,2021-05-23,CHC,1510.4946681502302
46,2021-05-25,CHC,1511.3902588691299
47,2021-05-26,CHC,1512.80846418643
48,2021-05-27,CHC,1513.87944294729
49,2021-05-28,CHC,1514.6350692347303
50,2021-05-29,CHC,1517.0002870100197
51,2021-05-30,CHC,1514.7287237003602
52,2021-05-31,CHC,1517.20804122302
53,2021-06-01,CHC,1518.2554921118801
54,2021-06-02,CHC,1520.62301428786
55,2021-06-03,CHC,1518.47805435737
56,2021-06-04,CHC,1516.8683607207402
57,2021-06-05,CHC,1516.04923971803
58,2021-06-06,CHC,1517.1246152062197
59,2021-06-07,CHC,1515.1136984284801
60,2021-06-08,CHC,1518.3577506222198
61,2021-06-09,CHC,1520.43306208684
62,2021-06-11,CHC,1521.7733823413598
63,2021-06-12,CHC,1523.46807780205
64,2021-06-13,CHC,1524.4852407494598
65,2021-06-14,CHC,1522.92501090555
66,2021-06-15,CHC,1522.0194312372198
67,2021-06-16,CHC,1520.9840763253399
68,2021-06-17,CHC,1522.4987802532198
69,2021-06-18,CHC,1518.5043008151902
70,2021-06-19,CHC,1514.53073795462
71,2021-06-20,CHC,1515.51339279715
72,2021-06-21,CHC,1513.30413734425
73,2021-06-22,CHC,1515.1029340094299
74,2021-06-24,CHC,1517.93264624073
75,2021-06-25,CHC,1516.629215311
76,2021-06-26,CHC,1515.80245956316
77,2021-06-27,CHC,1514.11011093221
78,2021-06-28,CHC,1510.99800396013
79,2021-06-29,CHC,1510.1794653063098
80,2021-06-30,CHC,1507.47347283113
81,2021-07-02,CHC,1506.5472041723099
82,2021-07-03,CHC,1505.58715595304
83,2021-07-04,CHC,1504.55394212886
84,2021-07-05,CHC,1500.1017139274802
85,2021-07-06,CHC,1497.97824456893
86,2021-07-07,CHC,1500.37285019847
87,2021-07-08,CHC,1497.0278869234198
88,2021-07-09,CHC,1498.59973292907
89,2021-07-10,CHC,1495.7721486789599
0,2021-04-01,PIT,1435.61971295987
1,2021-04-03,PIT,1434.20894061676
2,2021-04-04,PIT,1433.5596739814903
3,2021-04-05,PIT,1432.5817305424403
4,2021-04-06,PIT,1429.73699205793
5,2021-04-07,PIT,1428.15200995064
6,2021-04-08,PIT,1426.93728117453
7,2021-04-10,PIT,1430.0254133211401
8,2021-04-11,PIT,1432.74877829029
9,2021-04-12,PIT,1431.70606432697
10,2021-04-13,PIT,1434.5789129581199
11,2021-04-14,PIT,1437.36040656609
12,2021-04-15,PIT,1435.6974264656
13,2021-04-16,PIT,1438.67303377443
14,2021-04-17,PIT,1437.0270324381602
15,2021-04-18,PIT,1438.5071942100303
16,2021-04-21,PIT,1439.5701790368698
17,2021-04-21,PIT,1438.21336195758
18,2021-04-22,PIT,1439.69332846095
19,2021-04-23,PIT,1438.8437901220002
20,2021-04-24,PIT,1441.66138942376
21,2021-04-25,PIT,1444.4223766213001
22,2021-04-27,PIT,1445.42432106307
23,2021-04-28,PIT,1443.88313198374
24,2021-04-30,PIT,1441.9615862693202
25,2021-05-01,PIT,1439.93663872602
26,2021-05-02,PIT,1438.5583516701001
27,2021-05-03,PIT,1437.62860564439
28,2021-05-04,PIT,1439.46320862876
29,2021-05-05,PIT,1438.8139653098199
30,2021-05-07,PIT,1438.1185261592002
31,2021-05-08,PIT,1437.4038612023999
32,2021-05-09,PIT,1438.82384903132
33,2021-05-10,PIT,1435.5357693802898
34,2021-05-11,PIT,1437.84421521978
35,2021-05-12,PIT,1436.36179033275
36,2021-05-13,PIT,1435.23385760444
37,2021-05-14,PIT,1436.5634957500101
38,2021-05-15,PIT,1438.00648404352
39,2021-05-16,PIT,1436.6002155173098
40,2021-05-18,PIT,1435.3873304974697
41,2021-05-19,PIT,1434.52301650366
42,2021-05-20,PIT,1436.42992291031
43,2021-05-21,PIT,1433.2362687568802
44,2021-05-22,PIT,1431.80014862849
45,2021-05-23,PIT,1430.21888517776
46,2021-05-25,PIT,1429.32329445886
47,2021-05-26,PIT,1427.90508914156
48,2021-05-27,PIT,1426.8341103807002
49,2021-05-29,PIT,1431.46708065328
50,2021-05-29,PIT,1429.4875626061903
51,2021-05-30,PIT,1430.38883191931
52,2021-05-31,PIT,1429.08362303181
53,2021-06-01,PIT,1427.63380419328
54,2021-06-03,PIT,1429.04077336131
55,2021-06-04,PIT,1432.01986244154
56,2021-06-05,PIT,1433.27492528809
57,2021-06-06,PIT,1432.0092501814302
58,2021-06-08,PIT,1431.23128735606
59,2021-06-09,PIT,1430.5920612798902
60,2021-06-10,PIT,1429.7082841252
61,2021-06-11,PIT,1429.0350732490801
62,2021-06-12,PIT,1428.22398215365
63,2021-06-13,PIT,1427.26422356484
64,2021-06-14,PIT,1426.44214709506
65,2021-06-15,PIT,1424.44927730464
66,2021-06-16,PIT,1423.52933207055
67,2021-06-18,PIT,1424.8073007855999
68,2021-06-19,PIT,1426.89905979082
69,2021-06-20,PIT,1425.8816533672302
70,2021-06-22,PIT,1428.14171657719
71,2021-06-23,PIT,1427.3665753732598
72,2021-06-24,PIT,1430.5109864786903
73,2021-06-25,PIT,1431.9705328203302
74,2021-06-26,PIT,1430.9926987444298
75,2021-06-27,PIT,1433.6671320015303
76,2021-06-28,PIT,1432.4482469177801
77,2021-06-29,PIT,1430.4410175396802
78,2021-06-30,PIT,1428.91291350422
79,2021-07-01,PIT,1427.68181272664
80,2021-07-02,PIT,1425.7064658543802
81,2021-07-03,PIT,1423.05868435395
82,2021-07-04,PIT,1424.9285613591699
83,2021-07-05,PIT,1429.4912663326002
84,2021-07-06,PIT,1430.8976450257198
85,2021-07-07,PIT,1428.2634473203
86,2021-07-09,PIT,1426.4806546314098
87,2021-07-10,PIT,1429.26690928215
88,2021-07-10,PIT,1428.33777330013
89,2021-07-11,PIT,1429.82121584035
0,2021-04-01,LAD,1596.50513498375
1,2021-04-02,LAD,1597.4771540516101
2,2021-04-03,LAD,1598.0263954594598
3,2021-04-04,LAD,1598.7463800702699
4,2021-04-05,LAD,1601.08819904901
5,2021-04-06,LAD,1602.62308497327
6,2021-04-07,LAD,1601.15576439515
7,2021-04-09,LAD,1601.7687706298002
8,2021-04-10,LAD,1603.11219982567
9,2021-04-11,LAD,1604.26853604633
10,2021-04-13,LAD,1605.1394905151901
11,2021-04-14,LAD,1605.85036303562
12,2021-04-15,LAD,1606.4590860039002
13,2021-04-16,LAD,1608.2265364168
14,2021-04-17,LAD,1609.6349878374801
15,2021-04-18,LAD,1607.5649339761999
16,2021-04-19,LAD,1606.24111767662
17,2021-04-20,LAD,1607.0731440634197
18,2021-04-22,LAD,1605.50472537319
19,2021-04-23,LAD,1602.7830936802302
20,2021-04-24,LAD,1603.5304453885299
21,2021-04-25,LAD,1602.2810602746
22,2021-04-26,LAD,1600.26933958995
23,2021-04-27,LAD,1598.52330020484
24,2021-04-28,LAD,1600.3500191368898
25,2021-04-29,LAD,1598.8424553075301
26,2021-04-30,LAD,1597.3192733963901
27,2021-05-01,LAD,1596.2858836955402
28,2021-05-02,LAD,1599.32161493495
29,2021-05-04,LAD,1594.7588266531
30,2021-05-04,LAD,1596.1940903240302
31,2021-05-05,LAD,1593.4605126061301
32,2021-05-07,LAD,1590.16919548871
33,2021-05-08,LAD,1591.50395679849
34,2021-05-09,LAD,1590.01489444186
35,2021-05-11,LAD,1590.7285914647198
36,2021-05-12,LAD,1592.18579920523
37,2021-05-14,LAD,1593.09167737612
38,2021-05-15,LAD,1594.14520605422
39,2021-05-16,LAD,1592.5818278225101
40,2021-05-17,LAD,1593.3754798532502
41,2021-05-18,LAD,1594.82324499392
42,2021-05-19,LAD,1595.56626655173
43,2021-05-20,LAD,1596.22341616898
44,2021-05-21,LAD,1596.9331448531198
45,2021-05-22,LAD,1598.09898973895
46,2021-05-23,LAD,1600.12000467768
47,2021-05-25,LAD,1602.6688279304801
48,2021-05-26,LAD,1600.6228612018301
49,2021-05-27,LAD,1601.36058110762
50,2021-05-28,LAD,1598.78341754633
51,2021-05-29,LAD,1595.49895724818
52,2021-05-30,LAD,1594.01401151759
53,2021-05-31,LAD,1595.3970050552
54,2021-06-01,LAD,1593.8709145472699
55,2021-06-02,LAD,1595.91171035131
56,2021-06-04,LAD,1597.68147514159
57,2021-06-05,LAD,1596.0792021226598
58,2021-06-06,LAD,1594.32799064971
59,2021-06-08,LAD,1595.10595347508
60,2021-06-09,LAD,1595.74517955125
61,2021-06-10,LAD,1596.62895670594
62,2021-06-11,LAD,1598.17456794439
63,2021-06-12,LAD,1591.34352873336
64,2021-06-13,LAD,1592.00631984233
65,2021-06-14,LAD,1592.8215785679502
66,2021-06-15,LAD,1593.71611246528
67,2021-06-16,LAD,1591.8505306044
68,2021-06-18,LAD,1592.7078271915302
69,2021-06-19,LAD,1593.93540575483
70,2021-06-20,LAD,1594.5528838627301
71,2021-06-21,LAD,1592.8005648267301
72,2021-06-22,LAD,1591.5704127027302
73,2021-06-23,LAD,1590.05501882949
74,2021-06-24,LAD,1587.22530659819
75,2021-06-25,LAD,1588.52873752792
76,2021-06-26,LAD,1589.35549327576
77,2021-06-27,LAD,1591.04784190671
78,2021-06-28,LAD,1591.7798027946499
79,2021-06-29,LAD,1592.8862856105302
80,2021-07-01,LAD,1594.7230685950901
81,2021-07-02,LAD,1597.01251087637
82,2021-07-03,LAD,1597.98635878901
83,2021-07-04,LAD,1599.7709423963902
84,2021-07-05,LAD,1598.3114964057902
85,2021-07-06,LAD,1596.94650988138
86,2021-07-07,LAD,1594.69667561695
87,2021-07-08,LAD,1596.46567703879
88,2021-07-09,LAD,1593.70803469806
89,2021-07-10,LAD,1595.91099581685
90,2021-07-11,LAD,1596.78743851715
0,2021-04-01,SDP,1561.96526011849
1,2021-04-02,SDP,1562.91710915876
2,2021-04-03,SDP,1564.6447271160998
3,2021-04-04,SDP,1562.7484762584802
4,2021-04-05,SDP,1561.3352774289
5,2021-04-06,SDP,1562.0623445995498
6,2021-04-07,SDP,1560.5365486813098
7,2021-04-09,SDP,1561.6590086733
8,2021-04-10,SDP,1562.89186294251
9,2021-04-11,SDP,1563.98617475647
10,2021-04-12,SDP,1565.02888871979
11,2021-04-13,SDP,1562.15604008864
12,2021-04-14,SDP,1559.37454648068
13,2021-04-15,SDP,1561.0375265811701
14,2021-04-16,SDP,1559.27007616827
15,2021-04-17,SDP,1557.86162474759
16,2021-04-18,SDP,1559.93167860887
17,2021-04-19,SDP,1558.2616600791
18,2021-04-20,SDP,1555.70918370608
19,2021-04-21,SDP,1553.81169238547
20,2021-04-22,SDP,1555.3801110757001
21,2021-04-23,SDP,1558.10174276866
22,2021-04-24,SDP,1557.35439106036
23,2021-04-25,SDP,1558.6037761742903
24,2021-04-27,SDP,1556.6185022989903
25,2021-04-28,SDP,1559.4157009190899
26,2021-04-30,SDP,1559.98286792469
27,2021-05-01,SDP,1561.3606889471
28,2021-05-02,SDP,1558.0313886808701
29,2021-05-03,SDP,1558.9611347065802
30,2021-05-04,SDP,1557.12653172221
31,2021-05-05,SDP,1557.77577504115
32,2021-05-07,SDP,1556.55532930805
33,2021-05-08,SDP,1553.8137697472303
34,2021-05-09,SDP,1557.1462523329
35,2021-05-11,SDP,1558.80641331465
36,2021-05-12,SDP,1559.55936389785
37,2021-05-12,SDP,1558.1545691246697
38,2021-05-14,SDP,1558.8686946799498
39,2021-05-15,SDP,1561.85389510224
40,2021-05-16,SDP,1563.01535251422
41,2021-05-17,SDP,1564.24545753701
42,2021-05-18,SDP,1564.7920593228198
43,2021-05-19,SDP,1565.55610019048
44,2021-05-21,SDP,1568.1665633488
45,2021-05-22,SDP,1569.10659695058
46,2021-05-23,SDP,1570.40172255492
47,2021-05-24,SDP,1569.04793860121
48,2021-05-25,SDP,1571.4510226882599
49,2021-05-26,SDP,1572.34009769042
50,2021-05-27,SDP,1571.092428885
51,2021-05-28,SDP,1573.825025325
52,2021-05-29,SDP,1575.23006016483
53,2021-05-30,SDP,1573.6094078231602
54,2021-05-31,SDP,1571.1300903005
55,2021-06-01,SDP,1570.08263941164
56,2021-06-02,SDP,1567.71511723566
57,2021-06-03,SDP,1568.49288236718
58,2021-06-04,SDP,1569.54440536412
59,2021-06-05,SDP,1567.43253128464
60,2021-06-06,SDP,1565.1682305986901
61,2021-06-07,SDP,1567.1791473764301
62,2021-06-08,SDP,1563.93509518269
63,2021-06-09,SDP,1561.85978371807
64,2021-06-11,SDP,1561.0501771199201
65,2021-06-12,SDP,1559.3089259906199
66,2021-06-13,SDP,1561.2624437254099
67,2021-06-14,SDP,1559.8847724408
68,2021-06-15,SDP,1556.9777515763199
69,2021-06-16,SDP,1555.54366708555
70,2021-06-17,SDP,1556.51733273488
71,2021-06-18,SDP,1558.29291468523
72,2021-06-19,SDP,1559.41093605743
73,2021-06-20,SDP,1560.1638559807998
74,2021-06-21,SDP,1561.9161750168
75,2021-06-22,SDP,1563.1463271408
76,2021-06-23,SDP,1564.6617210140398
77,2021-06-25,SDP,1565.89841529213
78,2021-06-26,SDP,1561.05803338551
79,2021-06-27,SDP,1561.66280150874
80,2021-06-29,SDP,1562.58334684963
81,2021-06-30,SDP,1563.5972717291
82,2021-07-01,SDP,1562.49117621049
83,2021-07-02,SDP,1561.56169500537
84,2021-07-03,SDP,1559.7614649391298
85,2021-07-04,SDP,1562.6631638993802
86,2021-07-05,SDP,1560.59208194603
87,2021-07-06,SDP,1561.9092831445998
88,2021-07-07,SDP,1557.64519927828
89,2021-07-08,SDP,1558.5382674251598
90,2021-07-09,SDP,1559.30606953499
91,2021-07-10,SDP,1556.8463725029
92,2021-07-11,SDP,1554.81495113293
0,2021-04-01,SFG,1479.77075588311
1,2021-04-02,SFG,1481.5377038472102
2,2021-04-03,SFG,1479.3548643702402
3,2021-04-05,SFG,1480.7680631998198
4,2021-04-06,SFG,1480.04099602917
5,2021-04-07,SFG,1481.56679194741
6,2021-04-09,SFG,1482.6398804451999
7,2021-04-10,SFG,1483.42748454551
8,2021-04-11,SFG,1485.10050325022
9,2021-04-12,SFG,1483.35597889827
10,2021-04-13,SFG,1484.4395569284302
11,2021-04-14,SFG,1486.11699223049
12,2021-04-16,SFG,1484.32640863393
13,2021-04-17,SFG,1483.39553480954
14,2021-04-18,SFG,1484.5692055978197
15,2021-04-19,SFG,1486.0655132061802
16,2021-04-20,SFG,1488.2267693521699
17,2021-04-21,SFG,1487.3071269090601
18,2021-04-22,SFG,1488.7517838052
19,2021-04-23,SFG,1490.0456014745
20,2021-04-24,SFG,1487.99658044139
21,2021-04-25,SFG,1488.877226759
22,2021-04-26,SFG,1491.75912687605
23,2021-04-27,SFG,1489.9618398467999
24,2021-04-28,SFG,1491.69046805844
25,2021-04-30,SFG,1491.12330105284
26,2021-05-01,SFG,1489.74548003043
27,2021-05-02,SFG,1493.0747802966598
28,2021-05-04,SFG,1496.0543604696802
29,2021-05-04,SFG,1494.6061860894001
30,2021-05-05,SFG,1493.6020859811802
31,2021-05-07,SFG,1494.82253171428
32,2021-05-08,SFG,1497.5640912751
33,2021-05-09,SFG,1494.23160868943
34,2021-05-10,SFG,1495.4493138570301
35,2021-05-11,SFG,1496.55609093267
36,2021-05-13,SFG,1497.6840236609803
37,2021-05-14,SFG,1496.3543855154098
38,2021-05-15,SFG,1494.9113972219
39,2021-05-16,SFG,1496.3176657481101
40,2021-05-17,SFG,1498.3986104758098
41,2021-05-18,SFG,1499.84033816314
42,2021-05-19,SFG,1501.7492904002
43,2021-05-20,SFG,1506.74994504444
44,2021-05-21,SFG,1506.0402163603
45,2021-05-22,SFG,1504.8743714744699
46,2021-05-23,SFG,1502.85335653574
47,2021-05-25,SFG,1505.1515335322501
48,2021-05-26,SFG,1506.21205681186
49,2021-05-27,SFG,1505.47433690607
50,2021-05-28,SFG,1508.05150046736
51,2021-05-29,SFG,1511.33596076551
52,2021-05-30,SFG,1512.8209064961
53,2021-05-31,SFG,1514.88276043257
54,2021-06-01,SFG,1511.78735365248
55,2021-06-03,SFG,1513.93231358297
56,2021-06-04,SFG,1515.5420072196
57,2021-06-05,SFG,1516.3611282223098
58,2021-06-06,SFG,1515.2857527341198
59,2021-06-08,SFG,1517.0934250318699
60,2021-06-09,SFG,1516.1053007151002
61,2021-06-11,SFG,1517.4074970140803
62,2021-06-12,SFG,1516.90471271448
63,2021-06-12,SFG,1515.7954133717199
64,2021-06-13,SFG,1514.72560184796
65,2021-06-14,SFG,1515.94215293602
66,2021-06-15,SFG,1516.76622991825
67,2021-06-16,SFG,1518.58572127474
68,2021-06-17,SFG,1520.5322717147799
69,2021-06-18,SFG,1521.73114493107
70,2021-06-19,SFG,1518.85044244888
71,2021-06-20,SFG,1521.8029730417902
72,2021-06-22,SFG,1524.12436472827
73,2021-06-23,SFG,1526.41885054565
74,2021-06-25,SFG,1527.84246111145
75,2021-06-26,SFG,1528.8349225907098
76,2021-06-27,SFG,1526.68053559126
77,2021-06-28,SFG,1525.94857470332
78,2021-06-29,SFG,1524.8420918874401
79,2021-07-01,SFG,1523.38890319199
80,2021-07-02,SFG,1526.02142449427
81,2021-07-03,SFG,1526.91557671232
82,2021-07-04,SFG,1528.2054685361802
83,2021-07-05,SFG,1526.2913365079999
84,2021-07-06,SFG,1525.13226279944
85,2021-07-07,SFG,1526.37338721256
86,2021-07-09,SFG,1527.58898317151
87,2021-07-10,SFG,1529.3673631385
88,2021-07-11,SFG,1530.3325798265
0,2021-04-01,ARI,1487.91086804296
1,2021-04-02,ARI,1486.9590190026902
2,2021-04-03,ARI,1485.2314010453501
3,2021-04-04,ARI,1487.12765190297
4,2021-04-06,ARI,1488.37652763363
5,2021-04-07,ARI,1485.28857737368
6,2021-04-08,ARI,1483.3348802963
7,2021-04-09,ARI,1482.31086102252
8,2021-04-10,ARI,1484.4466037397303
9,2021-04-11,ARI,1486.9541574571201
10,2021-04-12,ARI,1485.15001422216
11,2021-04-13,ARI,1483.60470287663
12,2021-04-15,ARI,1486.1902625368698
13,2021-04-16,ARI,1485.4494376082998
14,2021-04-17,ARI,1483.5753713538097
15,2021-04-18,ARI,1485.5219482382902
16,2021-04-20,ARI,1486.66321791281
17,2021-04-21,ARI,1488.58788646617
18,2021-04-22,ARI,1490.3659354833098
19,2021-04-23,ARI,1489.47274220947
20,2021-04-25,ARI,1495.0150503289801
21,2021-04-25,ARI,1491.76639161575
22,2021-04-27,ARI,1497.00032420428
23,2021-04-28,ARI,1494.20312558418
24,2021-04-29,ARI,1495.16113177672
25,2021-04-30,ARI,1496.8976901021801
26,2021-05-01,ARI,1492.66534028514
27,2021-05-02,ARI,1493.9607092911199
28,2021-05-04,ARI,1491.70801433701
29,2021-05-05,ARI,1488.54056459073
30,2021-05-06,ARI,1487.23053299078
31,2021-05-07,ARI,1486.2353574264498
32,2021-05-08,ARI,1485.00963583888
33,2021-05-09,ARI,1484.2954041240303
34,2021-05-10,ARI,1485.68549561792
35,2021-05-11,ARI,1488.32432628281
36,2021-05-12,ARI,1487.14441020833
37,2021-05-13,ARI,1485.02496653231
38,2021-05-14,ARI,1481.46668677681
39,2021-05-15,ARI,1484.23026031957
40,2021-05-16,ARI,1482.4832965403198
41,2021-05-17,ARI,1481.6896445095801
42,2021-05-18,ARI,1480.2418793689098
43,2021-05-19,ARI,1479.4988578111
44,2021-05-20,ARI,1478.84170819385
45,2021-05-21,ARI,1476.6008180093802
46,2021-05-22,ARI,1475.49392117792
47,2021-05-23,ARI,1474.49216818789
48,2021-05-25,ARI,1472.19399119138
49,2021-05-26,ARI,1471.13346791177
50,2021-05-27,ARI,1470.15009442786
51,2021-05-28,ARI,1468.68677349466
52,2021-05-29,ARI,1467.26297974719
53,2021-05-30,ARI,1470.26768209642
54,2021-05-31,ARI,1468.88575491844
55,2021-06-01,ARI,1470.0984396953302
56,2021-06-02,ARI,1469.1256654397
57,2021-06-03,ARI,1467.81875827867
58,2021-06-04,ARI,1466.4055150613
59,2021-06-05,ARI,1465.54721718055
60,2021-06-06,ARI,1464.6936946273902
61,2021-06-08,ARI,1463.7301443892402
62,2021-06-09,ARI,1462.45404361614
63,2021-06-11,ARI,1461.4822722585097
64,2021-06-12,ARI,1460.54881473673
65,2021-06-13,ARI,1458.09175826629
66,2021-06-14,ARI,1456.87520717823
67,2021-06-15,ARI,1456.051130196
68,2021-06-16,ARI,1454.23163883951
69,2021-06-17,ARI,1452.28508839947
70,2021-06-18,ARI,1451.42779181234
71,2021-06-19,ARI,1450.20021324904
72,2021-06-20,ARI,1449.5827351411401
73,2021-06-21,ARI,1451.55301594851
74,2021-06-22,ARI,1449.48660833572
75,2021-06-23,ARI,1448.7590145269298
76,2021-06-25,ARI,1447.52232024885
77,2021-06-26,ARI,1452.36270215547
78,2021-06-27,ARI,1451.75793403224
79,2021-06-28,ARI,1449.59319228056
80,2021-06-29,ARI,1448.68221392135
81,2021-06-30,ARI,1447.51066521297
82,2021-07-01,ARI,1448.9638539084199
83,2021-07-02,ARI,1446.3313326061402
84,2021-07-03,ARI,1445.4371803880802
85,2021-07-04,ARI,1444.14728856422
86,2021-07-06,ARI,1445.0201108343301
87,2021-07-07,ARI,1446.2255096259
88,2021-07-08,ARI,1443.32996469133
89,2021-07-09,ARI,1446.0876070320599
90,2021-07-10,ARI,1443.8846459132699
91,2021-07-11,ARI,1443.0082032129699
0,2021-04-01,COL,1445.1607807898802
1,2021-04-02,COL,1444.18876172202
2,2021-04-03,COL,1443.6395203141699
3,2021-04-04,COL,1442.91953570336
4,2021-04-06,COL,1441.6706599727
5,2021-04-07,COL,1444.7586102326502
6,2021-04-08,COL,1446.7123073100302
7,2021-04-09,COL,1445.63921881224
8,2021-04-10,COL,1444.8516147119299
9,2021-04-11,COL,1443.1785960072198
10,2021-04-13,COL,1442.30764153836
11,2021-04-14,COL,1441.59676901793
12,2021-04-15,COL,1440.98804604965
13,2021-04-17,COL,1440.45643987673
14,2021-04-17,COL,1442.7618006424302
15,2021-04-18,COL,1442.0204527956798
16,2021-04-20,COL,1444.1952773199403
17,2021-04-21,COL,1446.21321331828
18,2021-04-23,COL,1447.20261775056
19,2021-04-24,COL,1446.30301142823
20,2021-04-25,COL,1449.73381110894
21,2021-04-26,COL,1446.85191099189
22,2021-04-27,COL,1448.6491980211401
23,2021-04-28,COL,1446.9205698095002
24,2021-04-29,COL,1445.9625636169599
25,2021-04-30,COL,1444.2260052914999
26,2021-05-01,COL,1448.45835510854
27,2021-05-02,COL,1447.16298610256
28,2021-05-04,COL,1444.1834059295402
29,2021-05-04,COL,1445.63158030982
30,2021-05-05,COL,1446.6356804180402
31,2021-05-07,COL,1445.37552818736
32,2021-05-08,COL,1444.6993964578
33,2021-05-09,COL,1443.6941443031199
34,2021-05-11,COL,1442.03398332137
35,2021-05-12,COL,1441.2810327381699
36,2021-05-12,COL,1442.68582751135
37,2021-05-13,COL,1445.22601283838
38,2021-05-14,COL,1446.86250737834
39,2021-05-15,COL,1446.0478930208499
40,2021-05-16,COL,1445.0905633269101
41,2021-05-17,COL,1443.86045830412
42,2021-05-18,COL,1443.3138565183099
43,2021-05-19,COL,1442.54981565065
44,2021-05-21,COL,1444.79070583512
45,2021-05-22,COL,1445.8976026665803
46,2021-05-23,COL,1446.8993556566102
47,2021-05-24,COL,1448.3087998903
48,2021-05-25,COL,1447.71434138336
49,2021-05-27,COL,1446.98540234875
50,2021-05-27,COL,1446.0157604704998
51,2021-05-29,COL,1443.3623082450101
52,2021-05-29,COL,1441.38279019792
53,2021-05-30,COL,1442.46103893189
54,2021-06-01,COL,1443.40960446573
55,2021-06-02,COL,1444.83842148784
56,2021-06-03,COL,1446.93325754076
57,2021-06-04,COL,1445.32149141309
58,2021-06-05,COL,1444.08108563586
59,2021-06-06,COL,1445.38101543271
60,2021-06-08,COL,1443.81729420702
61,2021-06-09,COL,1444.98835509508
62,2021-06-10,COL,1443.0997532624099
63,2021-06-11,COL,1441.4983947737
64,2021-06-12,COL,1439.21635419489
65,2021-06-13,COL,1437.66622083177
66,2021-06-14,COL,1439.04389211638
67,2021-06-15,COL,1441.95091298086
68,2021-06-16,COL,1443.38499747163
69,2021-06-17,COL,1445.66286764564
70,2021-06-18,COL,1446.96233614176
71,2021-06-19,COL,1445.9606147429902
72,2021-06-20,COL,1445.0351797141
73,2021-06-22,COL,1444.2311715438
74,2021-06-23,COL,1446.0504147402498
75,2021-06-25,COL,1445.4161968643803
76,2021-06-26,COL,1443.5887278726002
77,2021-06-27,COL,1442.02805882146
78,2021-06-28,COL,1443.24694390521
79,2021-06-29,COL,1445.25417328331
80,2021-06-30,COL,1446.7822773187697
81,2021-07-01,COL,1448.5760555291001
82,2021-07-02,COL,1446.3470221597597
83,2021-07-03,COL,1447.42844457396
84,2021-07-04,COL,1448.32353934085
85,2021-07-06,COL,1447.45071707074
86,2021-07-07,COL,1446.2453182791699
87,2021-07-08,COL,1449.14086321374
88,2021-07-09,COL,1448.37306110391
89,2021-07-10,COL,1450.8327581360002
90,2021-07-11,COL,1452.8641795059698
